Date,Name,PreOrg,cowgirl,doggy,kinky,missionary,reversecowgirl,standing,HerRanking,MyRanking,OurRanking
2009-07-10 00:00:00,J1,1,False,False,False,True,False,False,10,7,8.5
2009-07-10 12:00:00,J1,1,False,False,False,False,False,False,8,6,7
2009-07-11 00:00:00,J1,0,False,False,False,False,False,False,0,1,0.5
2009-07-12 00:00:00,J1,0,False,False,False,True,False,True,5,0,2.5
2009-07-12 08:00:00,J1,1,False,False,False,True,False,False,10,10,10
2009-07-12 16:00:00,J1,0,False,False,False,False,False,False,1,1,1
2009-07-14 00:00:00,J1,2,False,False,False,True,False,False,10,10,10
2009-07-16 00:00:00,J1,2,False,False,False,False,False,False,10,10,10
2009-07-17 00:00:00,J1,0,True,False,False,True,False,False,0,6,3
2009-07-17 04:48:00,J1,0,False,False,False,True,False,True,4,0,2
2009-07-17 09:36:00,J1,2,False,False,False,False,False,False,10,10,10
2009-07-17 14:24:00,J1,1,False,False,False,True,True,False,6,10,8
2009-07-17 19:12:00,J1,0,False,False,False,False,False,False,1,1,1
2009-07-19 00:00:00,J1,1,True,False,False,False,False,False,0,8,4
2009-07-19 12:00:00,J1,0,False,False,False,True,False,False,4,3,3.5
2009-07-22 00:00:00,J1,1,False,False,False,True,True,False,6,10,8
2009-07-22 12:00:00,J1,0,False,False,False,True,False,False,3,3,3
2009-07-23 00:00:00,J1,2,False,False,False,True,False,False,10,10,10
2009-07-23 12:00:00,J1,1,False,True,False,True,False,False,10,3,6.5
2009-07-24 00:00:00,J1,3,False,False,False,False,False,False,10,10,10
2009-07-25 00:00:00,J1,3,False,False,False,False,False,False,10,10,10
2009-07-25 12:00:00,J1,0,False,False,False,True,False,False,4,1,2.5
2009-07-26 00:00:00,J1,0,False,False,False,True,False,False,3,1,2
2009-07-27 00:00:00,J1,0,False,False,False,False,True,False,0,8,4
2009-07-27 12:00:00,J1,1,False,False,False,True,False,False,10,9,9.5
2009-07-29 00:00:00,J1,1,False,False,False,True,False,False,10,7,8.5
2009-07-31 00:00:00,J1,0,False,False,False,True,False,False,3,3,3
2009-08-01 00:00:00,J1,0,False,False,False,False,False,False,1,0,0.5
2009-08-01 08:00:00,J1,1,False,False,False,False,True,False,4,10,7
2009-08-01 16:00:00,J1,3,False,False,False,False,False,False,10,10,10
2009-08-02 00:00:00,J1,2,False,False,False,True,False,False,10,10,10
2009-08-03 00:00:00,J1,1,False,True,False,True,False,False,9,2,5.5
2009-08-03 12:00:00,J1,0,False,False,False,False,False,False,2,0,1
2009-08-04 00:00:00,J1,0,False,True,False,True,False,False,3,0,1.5
2009-08-05 00:00:00,J1,3,False,False,False,False,False,False,10,10,10
2009-08-07 00:00:00,J1,3,True,False,False,True,False,False,10,10,10
2009-08-07 12:00:00,J1,1,True,False,False,True,False,False,2,10,6
2009-08-08 00:00:00,J1,2,False,False,False,False,False,False,10,10,10
2009-08-08 12:00:00,J1,0,False,False,False,True,False,False,3,2,2.5
2009-08-09 00:00:00,J1,0,False,False,False,False,False,False,0,1,0.5
2009-08-09 12:00:00,J1,1,False,False,False,False,False,False,6,5,5.5
2009-08-10 00:00:00,J1,0,False,False,False,True,False,False,2,4,3
2009-08-12 00:00:00,J1,3,False,False,False,True,False,False,10,10,10
2009-08-13 00:00:00,J1,1,False,False,False,True,False,False,7,6,6.5
2009-08-13 12:00:00,J1,0,False,True,False,True,False,False,6,0,3
2009-08-14 00:00:00,J1,0,False,False,False,True,False,True,6,0,3
2009-08-14 12:00:00,J1,2,True,True,False,True,False,False,10,10,10
2009-08-15 00:00:00,J1,0,False,False,False,True,False,False,3,3,3
2009-08-16 00:00:00,J1,1,False,True,False,False,False,True,10,0,5
2009-08-16 12:00:00,J1,3,False,False,False,True,False,False,10,10,10
2009-08-17 00:00:00,J1,1,False,True,False,True,False,False,10,1,5.5
2009-08-17 08:00:00,J1,2,False,False,False,True,False,False,10,10,10
2009-08-17 16:00:00,J1,0,True,False,False,False,False,True,0,1,0.5
2009-08-18 00:00:00,J1,1,False,False,False,True,True,True,8,10,9
2009-08-19 00:00:00,J1,2,True,False,False,True,False,False,10,10,10
2009-08-19 12:00:00,J1,2,False,False,False,True,False,False,10,10,10
2009-08-21 00:00:00,J1,0,False,False,False,False,False,False,1,0,0.5
2009-08-21 08:00:00,J1,1,False,False,False,True,False,False,10,10,10
2009-08-21 16:00:00,J1,2,False,True,False,False,False,False,10,7,8.5
2009-08-23 00:00:00,J1,2,False,False,False,True,False,True,10,10,10
2009-08-23 12:00:00,J1,1,False,False,False,True,False,False,10,8,9
2009-08-24 00:00:00,J1,0,True,False,False,True,False,False,0,5,2.5
2009-08-24 12:00:00,J1,1,False,False,False,True,False,False,10,7,8.5
2009-08-25 00:00:00,J1,0,False,False,False,True,False,False,3,3,3
2009-08-27 00:00:00,J1,0,False,False,False,True,False,False,2,2,2
2009-08-28 00:00:00,J1,2,False,True,False,True,False,True,10,4,7
2009-08-29 00:00:00,J1,3,True,True,False,False,False,False,10,10,10
2009-08-30 00:00:00,J1,0,False,False,False,True,False,False,4,3,3.5
2009-08-31 00:00:00,J1,0,False,False,False,True,False,False,3,2,2.5
2009-09-01 00:00:00,J1,0,False,True,False,True,False,False,6,0,3
2009-09-01 12:00:00,J1,1,False,True,False,True,False,False,10,2,6
2009-09-04 00:00:00,J1,3,False,True,False,False,False,False,10,10,10
2009-09-04 12:00:00,J1,0,False,False,False,True,False,False,4,2,3
2009-09-05 00:00:00,J1,1,False,True,False,True,False,False,10,2,6
2009-09-06 00:00:00,J1,0,False,False,False,True,False,False,3,5,4
2009-09-06 12:00:00,J1,1,False,False,False,True,False,False,10,6,8
2009-09-08 00:00:00,J1,0,False,False,False,True,False,False,1,3,2
2009-09-09 00:00:00,J1,1,False,False,False,False,False,False,7,7,7
2009-09-11 00:00:00,J1,0,False,False,False,True,False,False,0,3,1.5
2009-09-13 00:00:00,J1,3,False,False,False,False,False,False,10,10,10
2009-09-14 00:00:00,J1,3,False,True,False,True,False,False,10,10,10
2009-09-14 12:00:00,J1,0,False,True,False,True,False,False,5,0,2.5
2009-09-15 00:00:00,J1,2,False,False,False,True,False,False,10,10,10
2009-09-15 08:00:00,J1,1,False,False,False,False,False,False,7,7,7
2009-09-15 16:00:00,J1,0,False,True,False,True,False,False,5,0,2.5
2009-09-16 00:00:00,J1,1,False,False,False,True,False,False,10,8,9
2009-09-16 08:00:00,J1,0,True,False,False,False,False,True,0,1,0.5
2009-09-16 16:00:00,J1,0,False,True,False,False,False,False,0,0,0
2009-09-17 00:00:00,J1,3,False,False,False,True,False,False,10,10,10
2009-09-17 12:00:00,J1,1,False,True,False,True,False,False,10,2,6
2009-09-18 00:00:00,J1,0,False,True,False,True,False,False,5,0,2.5
2009-09-20 00:00:00,J1,0,False,False,False,False,False,False,1,0,0.5
2009-09-20 08:00:00,J1,1,False,True,False,False,False,False,6,1,3.5
2009-09-20 16:00:00,J1,0,False,False,False,True,True,False,1,9,5
2009-09-24 00:00:00,J1,1,False,False,False,True,False,False,10,8,9
2009-09-25 00:00:00,J1,0,False,False,False,False,False,False,0,1,0.5
2009-09-26 00:00:00,J1,1,False,False,False,True,False,False,10,7,8.5
2009-09-28 00:00:00,J1,2,False,False,False,True,False,False,10,10,10
2009-09-29 00:00:00,J1,1,False,False,False,False,False,False,9,6,7.5
2009-09-29 08:00:00,J1,1,False,True,False,True,False,False,10,2,6
2009-09-29 16:00:00,J1,1,True,False,False,False,False,False,1,10,5.5
2009-09-30 00:00:00,J1,1,False,False,False,False,False,False,7,6,6.5
2009-10-01 00:00:00,J1,1,False,True,False,True,False,False,10,4,7
2009-10-02 00:00:00,J1,1,False,False,False,True,False,False,10,8,9
2009-10-02 08:00:00,J1,0,False,False,False,False,False,False,0,2,1
2009-10-02 16:00:00,J1,0,False,False,False,False,False,False,1,1,1
2009-10-03 00:00:00,J1,1,False,True,False,True,False,False,10,2,6
2009-10-03 08:00:00,J1,1,False,True,False,True,False,False,10,3,6.5
2009-10-03 16:00:00,J1,1,False,True,False,False,False,False,9,2,5.5
2009-10-04 00:00:00,J1,0,False,False,False,False,False,False,0,1,0.5
2009-10-05 00:00:00,J1,1,False,True,False,True,False,True,10,0,5
2009-10-06 00:00:00,J1,0,True,False,False,True,True,False,0,10,5
2009-10-08 00:00:00,J1,0,False,True,False,True,False,False,5,1,3
2009-10-10 00:00:00,J1,0,False,False,False,False,False,False,0,1,0.5
2009-10-11 00:00:00,J1,0,False,False,False,True,False,False,2,1,1.5
2009-10-12 00:00:00,J1,1,False,True,False,True,False,False,10,2,6
2009-10-13 00:00:00,J1,1,True,False,False,True,False,False,3,10,6.5
2009-10-14 00:00:00,J1,4,False,False,False,True,False,False,10,10,10
2009-10-14 12:00:00,J1,1,False,True,False,True,False,False,10,2,6
2009-10-15 00:00:00,J1,0,False,False,False,True,False,False,3,1,2
2009-10-18 00:00:00,J1,2,False,False,False,True,False,False,10,10,10
2009-10-18 12:00:00,J1,1,False,False,False,False,False,False,6,6,6
2009-10-19 00:00:00,J1,2,False,False,False,True,False,False,10,10,10
2009-10-20 00:00:00,J1,1,False,False,False,True,False,False,10,8,9
2009-10-20 12:00:00,J1,1,False,True,False,True,False,False,10,2,6
2009-10-21 00:00:00,J1,1,False,False,False,True,False,False,9,6,7.5
2009-10-21 08:00:00,J1,5,True,False,False,False,False,False,10,10,10
2009-10-21 16:00:00,J1,2,False,True,False,True,False,False,10,9,9.5
2009-10-23 00:00:00,J1,1,False,False,False,True,False,False,10,8,9
2009-10-23 12:00:00,J1,1,False,False,False,True,False,False,9,8,8.5
2009-10-25 00:00:00,J1,0,False,False,False,True,False,False,3,4,3.5
2009-10-25 12:00:00,J1,1,False,False,False,False,False,False,7,5,6
2009-10-27 00:00:00,J1,0,False,True,False,True,False,False,4,0,2
2009-10-27 12:00:00,J1,0,False,False,False,False,False,False,1,0,0.5
2009-10-28 00:00:00,J1,2,False,True,False,True,False,False,10,9,9.5
2009-10-29 00:00:00,J1,0,False,False,False,True,False,False,3,3,3
2009-10-30 00:00:00,J1,0,True,False,False,False,False,False,0,4,2
2009-10-30 12:00:00,J1,1,False,True,False,True,False,False,10,3,6.5
2009-11-01 00:00:00,J1,1,False,False,False,True,True,False,4,10,7
2009-11-02 00:00:00,J1,0,False,True,False,True,False,False,3,0,1.5
2009-11-02 12:00:00,J1,2,False,False,False,True,False,False,10,10,10
2009-11-04 00:00:00,J1,2,False,False,False,True,False,False,10,10,10
2009-11-10 00:00:00,J1,0,False,True,False,False,False,False,1,0,0.5
2009-11-11 00:00:00,J1,0,False,False,False,False,False,False,0,2,1
2009-11-13 00:00:00,J1,0,False,False,False,True,False,False,3,1,2
2009-11-13 12:00:00,J1,0,False,False,False,False,False,False,0,1,0.5
2009-11-15 00:00:00,J1,0,False,False,False,True,False,False,3,2,2.5
2009-11-16 00:00:00,J1,0,False,False,False,False,False,False,0,1,0.5
2009-11-17 00:00:00,J1,1,False,True,False,True,False,False,10,2,6
2009-11-18 00:00:00,J1,1,True,True,False,True,False,False,3,6,4.5
2009-11-23 00:00:00,J1,1,False,False,False,True,False,False,10,9,9.5
2009-11-24 00:00:00,J1,1,False,False,False,True,False,False,8,10,9
2009-11-24 12:00:00,J1,1,False,True,False,True,False,False,8,4,6
2009-11-27 00:00:00,J1,1,False,False,False,False,True,False,2,10,6
2009-11-28 00:00:00,J1,0,False,False,False,True,False,False,3,3,3
2009-11-29 00:00:00,J1,1,False,False,False,False,False,False,7,6,6.5
2009-11-29 12:00:00,J1,2,False,False,False,False,True,False,10,10,10
2009-11-30 00:00:00,J1,0,False,False,False,True,False,False,2,2,2
2009-12-02 00:00:00,J1,2,False,True,False,False,False,False,10,7,8.5
2009-12-02 12:00:00,J1,0,False,False,False,False,False,False,1,0,0.5
2009-12-03 00:00:00,J1,2,False,True,False,True,False,False,10,6,8
2009-12-03 12:00:00,J1,1,False,False,False,True,False,False,8,7,7.5
2009-12-04 00:00:00,J1,1,False,True,False,True,False,False,10,0,5
2009-12-04 12:00:00,J1,1,False,True,False,True,False,False,10,4,7
2009-12-05 00:00:00,J1,2,False,False,False,True,False,True,10,9,9.5
2009-12-07 00:00:00,J1,1,False,False,False,True,False,False,9,7,8
2009-12-07 06:00:00,J1,2,False,False,False,True,False,False,10,10,10
2009-12-07 12:00:00,J1,1,False,True,False,True,False,False,10,4,7
2009-12-07 18:00:00,J1,1,False,False,False,True,False,False,8,7,7.5
2009-12-09 00:00:00,J1,0,False,True,False,True,False,False,4,0,2
2009-12-09 12:00:00,J1,0,False,False,False,False,False,False,0,1,0.5
2009-12-10 00:00:00,J1,1,False,False,False,True,False,False,9,8,8.5
2009-12-10 12:00:00,J1,0,True,True,False,True,False,False,0,1,0.5
2009-12-11 00:00:00,J1,1,False,True,False,False,False,False,9,0,4.5
2009-12-12 00:00:00,J1,0,False,False,False,True,False,False,2,3,2.5
2009-12-12 12:00:00,J1,2,False,True,False,True,True,True,10,10,10
2009-12-13 00:00:00,J1,0,False,True,False,True,False,False,3,0,1.5
2009-12-14 00:00:00,J1,1,False,False,False,True,False,False,8,8,8
2009-12-14 12:00:00,J1,0,False,False,False,True,True,False,0,10,5
2009-12-16 00:00:00,J1,0,False,False,False,True,False,False,3,3,3
2009-12-16 08:00:00,J1,2,False,False,False,True,False,True,10,9,9.5
2009-12-16 16:00:00,J1,1,False,False,False,True,False,False,10,7,8.5
2009-12-18 00:00:00,J1,1,False,False,False,True,False,True,10,4,7
2009-12-18 12:00:00,J1,1,False,False,False,False,False,False,8,5,6.5
2009-12-20 00:00:00,J1,1,False,True,False,False,False,False,7,0,3.5
2009-12-20 12:00:00,J1,0,False,False,False,True,False,False,3,2,2.5
2009-12-21 00:00:00,J1,2,False,False,False,True,False,False,10,10,10
2009-12-22 00:00:00,J1,0,False,False,False,True,False,False,3,3,3
2009-12-28 00:00:00,J1,2,False,True,False,True,False,False,10,10,10
2009-12-29 00:00:00,J1,3,False,False,False,False,False,False,10,10,10
2009-12-30 00:00:00,J1,0,False,False,False,True,False,False,2,4,3
2009-12-31 00:00:00,J1,2,False,True,False,True,False,False,10,7,8.5
2010-01-05 00:00:00,J1,1,False,False,False,True,False,False,8,9,8.5
2010-01-06 00:00:00,J1,0,False,False,False,True,False,False,3,4,3.5
2010-01-06 12:00:00,J1,1,False,True,False,True,False,False,10,3,6.5
2010-01-09 00:00:00,J1,1,False,False,False,True,False,False,9,6,7.5
2010-01-10 00:00:00,J1,1,False,False,False,True,False,False,9,7,8
2010-01-10 12:00:00,J1,2,False,False,False,True,False,False,10,10,10
2010-01-11 00:00:00,J1,1,False,False,False,True,False,True,10,5,7.5
2010-01-11 12:00:00,J1,3,False,False,False,True,False,False,10,10,10
2010-01-12 00:00:00,J1,1,False,False,False,True,False,False,10,8,9
2010-01-15 00:00:00,J1,1,False,False,False,False,False,False,7,5,6
2010-01-16 00:00:00,J1,2,False,False,False,True,False,False,10,10,10
2010-01-22 00:00:00,J1,2,True,True,False,True,False,False,10,10,10
2010-01-23 00:00:00,J1,0,False,False,False,True,True,False,0,9,4.5
2010-01-23 12:00:00,J1,0,False,False,False,False,False,False,1,0,0.5
2010-01-25 00:00:00,J1,1,False,False,False,True,False,False,9,6,7.5
2010-01-26 00:00:00,J1,1,False,False,False,True,False,False,9,8,8.5
2010-01-26 12:00:00,J1,0,False,True,False,True,False,False,4,0,2
2010-01-27 00:00:00,J1,0,False,False,False,False,False,False,0,3,1.5
2010-01-27 12:00:00,J1,2,False,False,False,True,False,False,10,10,10
2010-01-31 00:00:00,J1,1,False,False,False,False,False,False,7,9,8
2010-02-02 00:00:00,J1,1,False,False,False,True,False,False,10,8,9
2010-02-03 00:00:00,J1,0,False,False,False,True,False,False,3,2,2.5
2010-02-05 00:00:00,J1,2,False,False,False,True,False,False,10,10,10
2010-02-05 12:00:00,J1,1,False,True,False,True,False,False,10,1,5.5
2010-02-06 00:00:00,J1,0,False,True,False,False,False,False,4,0,2
2010-02-12 00:00:00,J1,1,False,False,False,True,False,False,10,9,9.5
2010-02-12 12:00:00,J1,0,False,False,False,True,False,False,3,1,2
2010-02-13 00:00:00,J1,1,False,True,False,True,False,False,10,3,6.5
2010-02-13 12:00:00,J1,1,False,False,False,False,False,False,8,5,6.5
2010-02-14 00:00:00,J1,0,False,False,False,True,False,False,3,3,3
2010-02-15 00:00:00,J1,1,False,False,False,False,False,False,6,4,5
2010-02-15 12:00:00,J1,2,False,True,False,True,False,False,10,8,9
2010-02-16 00:00:00,J1,0,False,True,False,True,False,False,4,0,2
2010-02-16 12:00:00,J1,2,False,False,False,True,False,False,10,10,10
2010-02-17 00:00:00,J1,0,False,True,False,False,False,False,3,0,1.5
2010-02-18 00:00:00,J1,1,False,False,False,False,False,False,7,5,6
2010-02-18 12:00:00,J1,2,False,False,False,True,False,True,10,10,10
2010-02-19 00:00:00,J1,0,False,True,False,False,False,False,2,0,1
2010-02-20 00:00:00,J1,1,False,True,False,False,False,False,10,1,5.5
2010-02-22 00:00:00,J1,3,False,True,False,False,False,False,10,10,10
2010-02-23 00:00:00,J1,1,True,False,False,True,False,False,2,10,6
2010-02-28 00:00:00,J1,0,False,True,False,True,False,False,4,0,2
2010-03-01 00:00:00,J1,1,False,False,False,True,False,False,8,7,7.5
2010-03-01 12:00:00,J1,1,False,False,False,False,False,False,9,6,7.5
2010-03-02 00:00:00,J1,0,False,False,False,True,False,False,2,3,2.5
2010-03-04 00:00:00,J1,1,False,False,False,False,False,False,8,5,6.5
2010-03-05 00:00:00,J1,0,False,False,False,False,False,False,1,1,1
2010-03-06 00:00:00,J1,1,False,True,False,False,True,False,4,8,6
2010-03-06 12:00:00,J1,0,False,True,False,True,False,False,3,0,1.5
2010-03-08 00:00:00,J1,0,False,False,False,False,False,False,1,1,1
2010-03-11 00:00:00,J1,3,False,False,False,False,False,False,10,10,10
2010-03-14 00:00:00,J1,0,False,False,False,False,False,False,1,0,0.5
2010-03-15 00:00:00,J1,1,False,False,False,True,False,False,9,9,9
2010-03-20 00:00:00,J1,0,False,False,False,True,False,False,3,4,3.5
2010-03-20 12:00:00,J1,1,False,True,False,True,False,False,10,4,7
2010-03-23 00:00:00,J1,2,False,False,False,True,False,False,10,10,10
2010-03-26 00:00:00,J1,1,False,False,False,True,False,False,10,8,9
2010-03-29 00:00:00,J1,0,False,False,False,False,False,False,0,1,0.5
2010-04-01 00:00:00,J1,0,False,False,False,True,False,False,5,3,4
2010-04-05 00:00:00,J1,2,False,False,False,True,False,False,10,10,10
2010-04-05 12:00:00,J1,0,False,False,False,True,False,False,4,3,3.5
2010-04-07 00:00:00,J1,0,False,True,False,False,False,False,2,0,1
2010-04-08 00:00:00,J1,1,False,True,False,True,False,False,10,3,6.5
2010-04-09 00:00:00,J1,1,False,False,False,True,False,False,9,9,9
2010-04-10 00:00:00,J1,4,False,False,False,True,False,False,10,10,10
2010-04-12 00:00:00,J1,1,False,True,False,True,False,False,10,3,6.5
2010-04-13 00:00:00,J1,0,False,True,False,True,False,False,5,0,2.5
2010-04-15 00:00:00,J1,0,True,False,False,True,True,False,0,10,5
2010-04-17 00:00:00,J1,2,False,False,False,True,False,False,10,10,10
2010-04-18 00:00:00,J1,1,False,False,False,True,False,False,10,8,9
2010-04-22 00:00:00,J1,1,False,False,False,False,False,True,10,1,5.5
2010-04-22 12:00:00,J1,0,False,True,False,True,False,False,4,0,2
2010-04-23 00:00:00,J1,1,False,True,False,True,False,False,10,5,7.5
2010-04-23 12:00:00,J1,0,False,True,False,False,False,False,4,0,2
2010-04-25 00:00:00,J1,1,False,True,False,True,False,False,10,2,6
2010-04-25 12:00:00,J1,1,False,True,False,True,False,True,10,0,5
2010-04-26 00:00:00,J1,1,False,False,False,False,False,False,8,4,6
2010-04-27 00:00:00,J1,0,False,False,False,True,False,False,3,4,3.5
2010-04-28 00:00:00,J1,0,False,True,False,True,False,False,4,0,2
2010-04-28 12:00:00,J1,0,False,False,False,False,False,False,0,1,0.5
2010-04-30 00:00:00,J1,2,False,False,False,True,False,False,10,10,10
2010-05-02 00:00:00,J1,0,False,False,False,True,False,False,1,3,2
2010-05-04 00:00:00,J1,3,False,True,False,False,False,False,10,10,10
2010-05-06 00:00:00,J1,1,False,False,False,False,False,False,8,7,7.5
2010-05-06 12:00:00,J1,0,False,False,False,False,False,False,0,0,0
2010-05-07 00:00:00,J1,2,False,False,False,True,False,False,10,10,10
2010-05-08 00:00:00,J1,1,False,False,False,True,False,False,10,6,8
2010-05-09 00:00:00,J1,0,False,False,False,False,False,False,0,0,0
2010-05-09 08:00:00,J1,1,False,False,False,False,False,False,7,4,5.5
2010-05-09 16:00:00,J1,2,False,True,False,True,False,False,10,8,9
2010-05-10 00:00:00,J1,1,False,False,False,False,False,False,6,4,5
2010-05-13 00:00:00,J1,2,False,False,False,False,False,False,10,10,10
2010-05-14 00:00:00,J1,2,False,True,False,True,False,False,10,8,9
2010-05-15 00:00:00,J1,0,False,True,False,True,False,False,5,0,2.5
2010-05-15 12:00:00,J1,4,False,True,False,True,False,False,10,10,10
2010-05-16 00:00:00,J1,0,False,False,False,True,False,False,4,2,3
2010-05-16 12:00:00,J1,0,False,True,False,True,False,False,5,0,2.5
2010-05-18 00:00:00,J1,1,False,False,False,True,False,False,10,6,8
2010-05-19 00:00:00,J1,1,False,False,False,True,False,False,10,10,10
2010-05-19 12:00:00,J1,2,False,True,False,True,False,False,10,7,8.5
2010-05-20 00:00:00,J1,2,False,False,False,False,False,False,10,10,10
2010-05-20 12:00:00,J1,2,False,True,False,True,False,False,10,7,8.5
2010-05-22 00:00:00,J1,1,False,True,False,True,False,True,10,0,5
2010-05-22 12:00:00,J1,2,False,False,False,True,False,False,10,10,10
2010-05-28 00:00:00,J1,3,False,False,False,False,False,False,10,10,10
2010-05-28 12:00:00,J1,1,False,False,False,False,False,False,7,7,7
2010-05-29 00:00:00,J1,0,False,False,False,False,False,False,0,1,0.5
2010-06-01 00:00:00,J1,1,False,False,False,True,False,True,10,4,7
2010-06-02 00:00:00,J1,0,False,True,False,False,False,True,3,0,1.5
2010-06-05 00:00:00,J1,1,False,True,False,True,False,False,10,3,6.5
2010-06-06 00:00:00,J1,0,False,True,False,True,False,False,4,0,2
2010-06-09 00:00:00,J1,1,False,False,False,True,True,False,5,10,7.5
2010-06-11 00:00:00,J1,1,False,True,False,True,False,False,10,3,6.5
2010-06-12 00:00:00,J1,1,True,True,False,False,False,False,1,5,3
2010-06-14 00:00:00,J1,1,False,False,False,False,False,False,7,5,6
2010-06-15 00:00:00,J1,0,False,False,False,False,False,False,2,1,1.5
2010-06-17 00:00:00,J1,3,False,False,False,False,False,False,10,10,10
2010-06-23 00:00:00,J1,1,False,False,False,False,False,False,7,5,6
2010-06-26 00:00:00,J1,0,False,False,False,True,False,False,2,3,2.5
2010-06-26 08:00:00,J1,1,False,True,False,True,False,False,10,4,7
2010-06-26 16:00:00,J1,1,False,True,False,False,False,False,7,2,4.5
2010-06-28 00:00:00,J1,0,False,False,False,True,False,False,3,4,3.5
2010-06-30 00:00:00,J1,1,True,True,False,True,False,False,5,7,6
2010-07-01 00:00:00,J1,0,False,False,False,True,False,False,2,3,2.5
2010-07-02 00:00:00,J1,1,False,False,False,False,False,False,7,6,6.5
2010-07-02 12:00:00,J1,0,False,False,False,True,False,False,5,5,5
2010-07-03 00:00:00,J1,2,False,False,False,True,False,False,10,10,10
2010-07-05 00:00:00,J1,3,False,True,False,False,False,True,10,6,8
2010-07-07 00:00:00,J1,1,False,False,False,True,True,False,6,10,8
2010-07-16 00:00:00,J1,0,False,False,False,True,False,False,3,2,2.5
2010-07-17 00:00:00,J1,0,False,True,False,True,False,False,3,0,1.5
2010-07-20 00:00:00,J1,1,False,False,False,True,False,False,8,7,7.5
2010-07-20 12:00:00,J1,0,False,True,False,False,False,False,4,0,2
2010-07-21 00:00:00,J1,0,False,True,False,True,False,False,3,0,1.5
2010-07-30 00:00:00,J1,1,False,False,False,True,False,False,10,8,9
2010-08-01 00:00:00,J1,1,False,False,False,False,False,False,7,5,6
2010-08-02 00:00:00,J1,0,False,False,False,False,False,False,2,1,1.5
2010-08-08 00:00:00,J1,0,False,True,False,False,False,False,2,0,1
2010-08-14 00:00:00,J1,1,False,False,False,False,False,False,8,3,5.5
2010-08-14 12:00:00,J1,0,False,False,False,False,False,False,0,1,0.5
2010-08-15 00:00:00,J1,0,False,True,False,False,False,False,1,0,0.5
2010-08-17 00:00:00,J1,0,False,False,False,True,False,False,4,3,3.5
2010-08-29 00:00:00,J1,1,False,False,False,True,False,False,8,8,8
2010-09-06 00:00:00,J1,1,False,False,False,False,False,False,8,6,7
2010-09-07 00:00:00,J1,3,False,True,False,False,False,False,10,10,10
2010-09-10 00:00:00,J1,1,False,False,False,True,False,False,10,10,10
2010-09-13 00:00:00,J1,1,False,False,False,True,False,False,10,10,10
2010-09-13 12:00:00,J1,3,False,False,False,True,False,False,10,10,10
2010-09-19 00:00:00,J1,3,False,False,False,True,False,False,10,10,10
2010-09-21 00:00:00,J1,1,False,False,False,False,False,False,9,5,7
2010-09-23 00:00:00,J1,1,False,False,False,True,False,False,10,8,9
2010-09-24 00:00:00,J1,2,False,True,False,True,False,False,10,6,8
2010-10-01 00:00:00,J1,0,False,False,False,True,False,False,2,3,2.5
2010-10-07 00:00:00,J1,0,False,True,False,False,False,False,3,0,1.5
2010-10-10 00:00:00,J1,0,False,True,False,False,False,False,3,0,1.5
2010-10-16 00:00:00,J1,0,False,True,False,True,False,False,5,0,2.5
2010-11-08 00:00:00,J1,0,False,False,False,True,False,False,3,2,2.5
2010-11-19 00:00:00,J1,1,False,True,False,True,False,False,10,3,6.5
2010-11-22 00:00:00,J1,2,False,False,False,False,False,False,10,10,10
2010-12-16 00:00:00,J1,0,False,False,False,True,True,False,0,9,4.5
2010-12-25 00:00:00,J1,0,False,False,False,True,False,False,2,2,2
2011-01-25 00:00:00,J1,0,False,True,False,False,False,False,0,0,0
2011-12-01 00:00:00,J2,3,False,True,False,False,False,False,6,10,8
2011-12-01 12:00:00,J2,1,True,True,False,False,False,False,7,4,5.5
2011-12-03 00:00:00,J2,1,True,False,False,False,False,False,7,10,8.5
2011-12-04 00:00:00,J2,2,False,True,False,False,False,False,4,5,4.5
2011-12-05 00:00:00,J2,2,True,False,False,False,True,False,8,10,9
2011-12-06 00:00:00,J2,1,False,False,False,False,False,False,2,7,4.5
2011-12-07 00:00:00,J2,0,False,False,False,False,False,False,0,0,0
2011-12-08 00:00:00,J2,2,True,False,False,False,False,False,9,10,9.5
2011-12-09 00:00:00,J2,0,True,True,False,False,False,False,8,0,4
2011-12-09 12:00:00,J2,0,False,True,False,True,False,False,5,0,2.5
2011-12-10 00:00:00,J2,2,False,False,True,False,False,False,10,10,10
2011-12-10 08:00:00,J2,2,False,False,False,False,False,False,3,10,6.5
2011-12-10 16:00:00,J2,0,False,False,False,False,False,False,1,0,0.5
2011-12-11 00:00:00,J2,1,False,True,False,False,False,False,1,1,1
2011-12-12 00:00:00,J2,3,False,False,False,False,False,False,5,10,7.5
2011-12-13 00:00:00,J2,2,False,False,False,True,False,False,6,10,8
2011-12-14 00:00:00,J2,0,False,False,False,False,False,False,2,1,1.5
2011-12-14 08:00:00,J2,0,False,False,False,False,False,False,1,2,1.5
2011-12-14 16:00:00,J2,1,False,False,False,False,False,False,2,6,4
2011-12-19 00:00:00,J2,1,True,False,False,False,False,False,6,9,7.5
2011-12-19 08:00:00,J2,2,False,False,False,False,False,False,4,10,7
2011-12-19 16:00:00,J2,2,True,False,False,False,False,False,9,10,9.5
2011-12-20 00:00:00,J2,0,False,False,False,False,False,False,0,0,0
2011-12-20 08:00:00,J2,1,True,False,False,False,False,False,8,9,8.5
2011-12-20 16:00:00,J2,0,False,False,False,False,False,False,0,0,0
2011-12-23 00:00:00,J2,0,True,False,False,False,False,False,7,4,5.5
2011-12-23 08:00:00,J2,0,True,False,False,False,False,False,5,5,5
2011-12-23 16:00:00,J2,1,True,False,False,False,False,False,7,9,8
2011-12-24 00:00:00,J2,1,True,True,False,False,False,False,10,4,7
2011-12-25 00:00:00,J2,0,True,True,False,False,False,False,7,0,3.5
2011-12-28 00:00:00,J2,0,True,False,False,True,False,False,5,6,5.5
2011-12-28 12:00:00,J2,1,True,False,True,False,True,False,10,10,10
2011-12-30 00:00:00,J2,1,False,False,False,False,False,False,3,7,5
2011-12-31 00:00:00,J2,0,False,False,False,True,False,False,2,3,2.5
2012-01-01 00:00:00,J2,4,True,False,False,False,False,False,10,10,10
2012-01-02 00:00:00,J2,2,False,False,False,True,False,False,4,10,7
2012-01-03 00:00:00,J2,1,False,False,True,True,False,False,10,10,10
2012-01-04 00:00:00,J2,3,False,False,False,False,False,False,4,10,7
2012-01-08 00:00:00,J2,3,True,False,False,False,False,False,9,10,9.5
2012-01-08 12:00:00,J2,2,False,False,False,False,False,False,3,10,6.5
2012-01-09 00:00:00,J2,1,True,True,False,False,False,False,10,3,6.5
2012-01-11 00:00:00,J2,1,True,False,False,False,False,False,6,10,8
2012-01-12 00:00:00,J2,2,False,False,False,False,False,False,3,10,6.5
2012-01-12 08:00:00,J2,1,True,False,True,False,False,False,10,10,10
2012-01-12 16:00:00,J2,0,False,False,False,False,False,False,0,1,0.5
2012-01-13 00:00:00,J2,0,True,False,False,True,True,False,10,10,10
2012-01-13 08:00:00,J2,0,False,False,False,False,False,False,0,0,0
2012-01-13 16:00:00,J2,1,True,True,False,False,False,False,7,5,6
2012-01-14 00:00:00,J2,1,True,True,False,False,False,False,8,3,5.5
2012-01-21 00:00:00,J2,1,True,True,False,False,False,False,8,2,5
2012-01-23 00:00:00,J2,0,False,True,False,False,False,False,2,0,1
2012-01-25 00:00:00,J2,2,True,True,False,False,False,False,10,8,9
2012-01-25 12:00:00,J2,1,False,False,False,False,False,False,2,7,4.5
2012-01-26 00:00:00,J2,0,True,False,False,False,False,False,5,5,5
2012-01-28 00:00:00,J2,0,True,False,False,True,False,False,6,7,6.5
2012-01-29 00:00:00,J2,2,True,True,False,False,False,False,10,10,10
2012-01-30 00:00:00,J2,2,True,False,False,False,False,False,7,10,8.5
2012-01-30 12:00:00,J2,1,True,False,False,False,False,False,7,10,8.5
2012-02-01 00:00:00,J2,1,True,True,False,False,False,False,8,4,6
2012-02-03 00:00:00,J2,0,True,False,False,False,False,False,7,5,6
2012-02-04 00:00:00,J2,0,True,True,False,False,False,False,7,0,3.5
2012-02-07 00:00:00,J2,0,False,False,False,False,False,False,1,0,0.5
2012-02-08 00:00:00,J2,1,True,True,False,False,False,False,8,4,6
2012-02-08 12:00:00,J2,0,True,False,False,True,False,False,8,6,7
2012-02-09 00:00:00,J2,1,True,False,False,False,True,False,9,10,9.5
2012-02-11 00:00:00,J2,0,False,False,True,True,False,False,10,10,10
2012-02-13 00:00:00,J2,1,True,False,False,False,False,False,7,10,8.5
2012-02-14 00:00:00,J2,2,False,False,False,True,False,False,6,10,8
2012-02-14 12:00:00,J2,1,False,False,False,False,False,False,2,6,4
2012-02-16 00:00:00,J2,0,True,False,False,False,False,False,5,4,4.5
2012-02-16 12:00:00,J2,2,False,False,True,True,True,False,10,10,10
2012-02-17 00:00:00,J2,0,False,False,False,False,False,False,0,0,0
2012-02-18 00:00:00,J2,0,True,True,False,True,False,False,8,1,4.5
2012-02-18 06:00:00,J2,1,True,True,False,True,False,False,10,6,8
2012-02-18 12:00:00,J2,0,True,False,False,False,False,False,7,5,6
2012-02-18 18:00:00,J2,0,False,True,False,True,False,False,5,0,2.5
2012-02-19 00:00:00,J2,0,False,False,False,False,False,False,2,0,1
2012-02-19 06:00:00,J2,1,False,False,False,False,False,False,1,5,3
2012-02-19 12:00:00,J2,1,True,False,False,True,False,False,9,10,9.5
2012-02-19 18:00:00,J2,2,True,False,False,False,False,False,9,10,9.5
2012-02-21 00:00:00,J2,0,True,False,False,False,False,False,6,4,5
2012-02-21 08:00:00,J2,1,False,False,False,False,False,True,0,1,0.5
2012-02-21 16:00:00,J2,1,False,False,False,False,False,False,3,5,4
2012-02-22 00:00:00,J2,0,False,False,False,True,False,False,1,4,2.5
2012-02-23 00:00:00,J2,0,True,True,False,True,False,False,10,1,5.5
2012-02-25 00:00:00,J2,0,True,False,False,False,False,False,6,5,5.5
2012-02-25 12:00:00,J2,2,False,False,False,True,False,False,7,10,8.5
2012-02-26 00:00:00,J2,1,True,False,False,True,True,False,9,10,9.5
2012-02-26 08:00:00,J2,0,False,False,False,False,False,False,1,1,1
2012-02-26 16:00:00,J2,0,True,False,False,True,False,False,8,7,7.5
2012-02-28 00:00:00,J2,2,False,False,False,False,False,False,3,10,6.5
2012-02-28 12:00:00,J2,2,True,False,False,False,False,False,10,10,10
2012-02-29 00:00:00,J2,3,True,True,False,False,False,False,10,10,10
2012-02-29 12:00:00,J2,1,True,True,False,False,False,False,9,5,7
2012-03-01 00:00:00,J2,0,True,False,False,False,False,False,8,4,6
2012-03-03 00:00:00,J2,1,True,False,False,False,False,False,7,10,8.5
2012-03-04 00:00:00,J2,0,True,True,False,False,False,False,6,0,3
2012-03-07 00:00:00,J2,1,False,True,False,False,False,False,3,0,1.5
2012-03-08 00:00:00,J2,0,False,False,False,False,False,False,0,2,1
2012-03-09 00:00:00,J2,1,False,False,False,False,False,False,3,5,4
2012-03-10 00:00:00,J2,2,True,False,False,True,True,False,10,10,10
2012-03-10 12:00:00,J2,4,False,True,False,False,False,False,8,10,9
2012-03-11 00:00:00,J2,2,False,False,False,False,False,False,4,10,7
2012-03-12 00:00:00,J2,0,False,True,False,False,False,False,2,0,1
2012-03-12 12:00:00,J2,1,False,True,False,False,False,False,3,2,2.5
2012-03-13 00:00:00,J2,1,True,False,False,True,False,False,9,9,9
2012-03-14 00:00:00,J2,0,False,False,False,True,False,False,2,3,2.5
2012-03-14 08:00:00,J2,2,True,False,False,True,False,False,10,10,10
2012-03-14 16:00:00,J2,4,False,False,False,False,False,False,7,10,8.5
2012-03-19 00:00:00,J2,0,True,False,False,True,False,False,8,6,7
2012-03-20 00:00:00,J2,0,True,False,False,False,False,False,6,2,4
2012-03-22 00:00:00,J2,2,False,False,False,False,False,False,2,10,6
2012-03-24 00:00:00,J2,1,True,False,False,False,False,False,7,10,8.5
2012-03-24 12:00:00,J2,2,False,False,False,False,False,False,4,9,6.5
2012-03-28 00:00:00,J2,1,True,False,False,True,False,False,9,10,9.5
2012-03-29 00:00:00,J2,0,True,False,False,False,False,False,6,5,5.5
2012-03-30 00:00:00,J2,1,False,False,False,False,False,False,3,6,4.5
2012-03-30 12:00:00,J2,1,False,False,False,True,False,False,4,6,5
2012-04-01 00:00:00,J2,3,False,True,False,False,False,False,6,10,8
2012-04-04 00:00:00,J2,0,True,False,False,False,False,False,5,4,4.5
2012-04-06 00:00:00,J2,0,True,False,False,True,False,False,7,7,7
2012-04-06 12:00:00,J2,0,True,False,False,True,False,False,6,5,5.5
2012-04-08 00:00:00,J2,0,False,False,False,False,False,False,0,0,0
2012-04-09 00:00:00,J2,0,False,False,False,False,False,False,0,1,0.5
2012-04-10 00:00:00,J2,2,True,False,False,False,False,False,7,10,8.5
2012-04-19 00:00:00,J2,0,False,True,False,False,False,False,3,0,1.5
2012-04-21 00:00:00,J2,0,False,False,False,True,False,False,1,3,2
2012-04-21 08:00:00,J2,2,False,False,False,False,False,False,4,10,7
2012-04-21 16:00:00,J2,0,False,False,False,False,False,False,2,2,2
2012-04-22 00:00:00,J2,1,True,False,False,False,False,False,8,9,8.5
2012-04-22 12:00:00,J2,1,False,False,False,True,False,False,4,9,6.5
2012-04-24 00:00:00,J2,0,False,True,False,False,False,False,2,0,1
2012-04-24 12:00:00,J2,0,False,False,False,False,False,False,0,1,0.5
2012-04-27 00:00:00,J2,0,False,True,False,False,False,False,2,0,1
2012-04-28 00:00:00,J2,1,True,False,False,True,False,False,8,10,9
2012-04-29 00:00:00,J2,0,True,False,False,True,False,False,7,8,7.5
2012-04-29 12:00:00,J2,0,True,False,False,False,False,False,6,6,6
2012-04-30 00:00:00,J2,1,True,False,False,False,False,False,10,9,9.5
2012-05-01 00:00:00,J2,1,False,False,False,False,False,False,3,4,3.5
2012-05-01 12:00:00,J2,2,True,False,False,True,False,False,10,10,10
2012-05-05 00:00:00,J2,1,True,False,False,True,False,True,5,7,6
2012-05-09 00:00:00,J2,1,False,True,False,False,False,False,4,0,2
2012-05-10 00:00:00,J2,1,False,False,False,False,False,True,0,0,0
2012-05-10 08:00:00,J2,0,True,False,False,False,False,False,7,5,6
2012-05-10 16:00:00,J2,0,True,False,False,False,False,False,5,6,5.5
2012-05-11 00:00:00,J2,3,True,True,False,False,False,False,10,10,10
2012-05-12 00:00:00,J2,1,True,False,False,False,False,False,7,10,8.5
2012-05-14 00:00:00,J2,2,True,True,False,False,False,False,10,9,9.5
2012-05-14 08:00:00,J2,0,False,False,False,False,False,False,0,1,0.5
2012-05-14 16:00:00,J2,1,True,False,False,False,False,False,8,10,9
2012-05-15 00:00:00,J2,2,False,False,False,False,False,False,4,10,7
2012-05-16 00:00:00,J2,1,True,False,False,True,False,False,9,10,9.5
2012-05-17 00:00:00,J2,2,True,False,False,False,False,False,9,10,9.5
2012-05-18 00:00:00,J2,0,True,False,False,False,False,False,7,4,5.5
2012-05-18 12:00:00,J2,1,False,False,False,False,False,False,1,5,3
2012-05-20 00:00:00,J2,0,True,False,False,False,False,False,5,5,5
2012-05-24 00:00:00,J2,2,False,False,True,False,False,False,10,10,10
2012-05-27 00:00:00,J2,2,False,False,False,False,False,False,2,10,6
2012-05-29 00:00:00,J2,0,False,False,False,False,False,False,2,0,1
2012-06-01 00:00:00,J2,2,True,True,False,False,False,False,10,8,9
2012-06-02 00:00:00,J2,0,False,False,False,False,False,False,1,0,0.5
2012-06-03 00:00:00,J2,2,True,False,False,False,False,False,8,10,9
2012-06-03 12:00:00,J2,0,True,True,False,False,False,False,9,0,4.5
2012-06-05 00:00:00,J2,0,True,False,False,False,False,False,5,5,5
2012-06-08 00:00:00,J2,1,True,True,False,False,False,False,8,5,6.5
2012-06-10 00:00:00,J2,1,False,False,False,False,False,False,2,5,3.5
2012-06-10 08:00:00,J2,2,False,True,False,False,False,False,4,5,4.5
2012-06-10 16:00:00,J2,1,True,True,False,False,False,False,9,3,6
2012-06-14 00:00:00,J2,1,False,False,False,False,False,False,0,6,3
2012-06-15 00:00:00,J2,0,False,True,False,False,False,False,2,0,1
2012-06-15 12:00:00,J2,0,False,False,False,False,False,False,2,1,1.5
2012-06-16 00:00:00,J2,0,False,True,False,True,False,False,4,0,2
2012-06-17 00:00:00,J2,2,True,False,False,True,False,False,10,10,10
2012-06-19 00:00:00,J2,5,True,False,True,False,False,False,10,10,10
2012-06-21 00:00:00,J2,0,True,False,False,True,False,False,8,6,7
2012-06-23 00:00:00,J2,0,True,False,False,False,False,False,7,4,5.5
2012-06-24 00:00:00,J2,1,False,False,False,False,False,False,3,6,4.5
2012-06-28 00:00:00,J2,3,True,False,False,False,False,False,10,10,10
2012-06-28 12:00:00,J2,1,False,False,False,False,False,True,0,1,0.5
2012-07-01 00:00:00,J2,0,True,False,False,True,False,False,8,6,7
2012-07-01 12:00:00,J2,1,True,False,False,False,False,False,9,9,9
2012-11-14 00:00:00,M,0,False,False,False,False,False,False,0,3,1.5
2012-11-14 12:00:00,M,2,False,False,False,False,False,False,9,10,9.5
2012-11-15 00:00:00,M,3,False,False,False,True,False,False,10,10,10
2012-11-15 12:00:00,M,1,False,False,False,False,False,False,6,5,5.5
2012-11-16 00:00:00,M,1,False,False,False,False,False,False,7,5,6
2012-11-16 12:00:00,M,0,True,True,False,False,False,False,9,0,4.5
2012-11-18 00:00:00,M,1,True,True,False,False,False,False,10,4,7
2012-11-19 00:00:00,M,0,False,False,False,False,True,False,2,6,4
2012-11-20 00:00:00,M,1,False,False,False,False,True,False,8,10,9
2012-11-22 00:00:00,M,1,False,False,False,False,False,False,5,5,5
2012-11-24 00:00:00,M,0,True,False,False,False,False,False,8,5,6.5
2012-11-25 00:00:00,M,1,False,False,False,False,False,False,6,6,6
2012-11-26 00:00:00,M,0,True,False,False,False,False,False,7,4,5.5
2012-11-26 12:00:00,M,1,False,False,False,False,False,False,6,6,6
2012-11-27 00:00:00,M,1,False,False,False,False,False,False,4,5,4.5
2012-11-29 00:00:00,M,0,False,False,False,False,True,False,2,7,4.5
2012-12-02 00:00:00,M,1,False,False,False,False,True,False,7,10,8.5
2012-12-03 00:00:00,M,3,False,False,False,False,False,False,10,10,10
2012-12-03 12:00:00,M,2,True,False,False,False,False,False,10,10,10
2012-12-05 00:00:00,M,0,True,True,False,False,False,False,10,0,5
2012-12-06 00:00:00,M,1,True,True,False,False,False,False,10,4,7
2012-12-06 12:00:00,M,0,True,False,False,False,False,False,7,4,5.5
2012-12-07 00:00:00,M,2,True,False,False,True,False,False,10,10,10
2012-12-08 00:00:00,M,1,False,False,False,False,False,False,7,6,6.5
2012-12-08 12:00:00,M,0,False,False,False,False,False,False,1,1,1
2012-12-09 00:00:00,M,0,True,True,False,False,False,False,10,1,5.5
2012-12-09 08:00:00,M,0,False,False,False,False,False,False,0,0,0
2012-12-09 16:00:00,M,0,True,False,False,False,False,False,6,5,5.5
2012-12-10 00:00:00,M,0,False,False,False,False,False,False,1,1,1
2012-12-11 00:00:00,M,1,False,False,False,False,False,False,4,5,4.5
2012-12-12 00:00:00,M,1,False,False,False,False,False,False,5,5,5
2012-12-12 12:00:00,M,0,True,False,False,False,False,False,6,3,4.5
2012-12-15 00:00:00,M,0,True,True,False,False,False,False,10,0,5
2012-12-15 12:00:00,M,1,True,False,False,False,False,False,10,10,10
2012-12-16 00:00:00,M,1,True,False,False,False,False,False,10,9,9.5
2012-12-17 00:00:00,M,0,True,False,False,False,False,False,7,4,5.5
2012-12-17 08:00:00,M,0,True,False,True,False,False,False,10,10,10
2012-12-17 16:00:00,M,0,False,False,False,False,True,False,0,9,4.5
2012-12-18 00:00:00,M,0,True,False,True,False,False,False,10,10,10
2012-12-18 12:00:00,M,2,False,False,False,False,False,False,10,9,9.5
2012-12-19 00:00:00,M,0,True,False,False,False,False,False,6,5,5.5
2012-12-22 00:00:00,M,1,False,False,False,False,True,False,8,10,9
2012-12-22 06:00:00,M,1,False,False,False,False,False,False,5,4,4.5
2012-12-22 12:00:00,M,0,True,False,False,False,False,False,8,5,6.5
2012-12-22 18:00:00,M,1,True,False,False,False,False,False,10,10,10
2012-12-23 00:00:00,M,1,True,True,False,False,False,False,10,3,6.5
2012-12-23 08:00:00,M,0,True,False,False,False,False,False,5,2,3.5
2012-12-23 16:00:00,M,0,True,True,False,False,False,False,9,0,4.5
2012-12-24 00:00:00,M,1,False,False,False,False,False,False,5,4,4.5
2012-12-25 00:00:00,M,1,False,False,False,False,False,False,5,4,4.5
2012-12-25 12:00:00,M,0,True,False,False,False,False,False,7,3,5
2012-12-26 00:00:00,M,0,True,True,False,False,False,False,9,0,4.5
2012-12-27 00:00:00,M,2,True,True,False,False,False,False,10,9,9.5
2012-12-28 00:00:00,M,2,True,False,False,False,False,False,10,10,10
2012-12-28 12:00:00,M,1,False,True,False,True,False,False,10,4,7
2012-12-31 00:00:00,M,1,False,True,False,False,False,False,5,1,3
2013-01-03 00:00:00,M,1,False,False,True,False,False,False,10,10,10
2013-01-04 00:00:00,M,1,False,True,False,False,False,False,7,1,4
2013-01-04 12:00:00,M,1,False,False,False,False,False,False,4,7,5.5
2013-01-06 00:00:00,M,3,False,False,False,True,False,False,10,10,10
2013-01-10 00:00:00,M,0,True,False,False,False,True,False,10,10,10
2013-01-11 00:00:00,M,3,False,False,False,False,False,False,10,10,10
2013-01-12 00:00:00,M,1,True,False,False,False,False,False,10,10,10
2013-01-12 12:00:00,M,0,True,True,False,False,False,False,10,0,5
2013-01-13 00:00:00,M,0,True,False,False,False,False,False,8,5,6.5
2013-01-13 06:00:00,M,1,True,False,False,False,False,False,10,10,10
2013-01-13 12:00:00,M,0,True,False,False,False,False,False,8,3,5.5
2013-01-13 18:00:00,M,0,False,False,False,False,False,False,0,1,0.5
2013-01-14 00:00:00,M,2,False,False,False,False,False,False,10,10,10
2013-01-17 00:00:00,M,3,False,True,False,True,True,False,10,10,10
2013-01-19 00:00:00,M,1,False,False,False,False,False,False,4,6,5
2013-01-20 00:00:00,M,1,True,False,False,False,False,False,10,9,9.5
2013-01-20 12:00:00,M,0,True,False,False,False,False,False,6,4,5
2013-01-27 00:00:00,M,0,False,False,False,False,False,False,1,0,0.5
2013-01-28 00:00:00,M,3,False,False,False,False,False,False,10,10,10
2013-01-28 08:00:00,M,2,False,False,False,False,False,False,10,10,10
2013-01-28 16:00:00,M,1,False,True,False,False,False,False,6,0,3
2013-01-29 00:00:00,M,0,True,False,False,False,False,False,7,3,5
2013-01-30 00:00:00,M,2,False,False,False,False,False,False,9,10,9.5
2013-02-01 00:00:00,M,0,False,False,True,False,False,False,10,10,10
2013-02-02 00:00:00,M,0,True,False,False,False,False,False,5,4,4.5
2013-02-03 00:00:00,M,0,False,False,True,False,True,False,9,10,9.5
2013-02-03 12:00:00,M,2,False,True,False,False,True,False,10,10,10
2013-02-04 00:00:00,M,0,True,False,False,False,True,False,9,10,9.5
2013-02-05 00:00:00,M,0,True,True,False,False,False,False,10,0,5
2013-02-07 00:00:00,M,1,False,True,False,False,False,False,8,0,4
2013-02-08 00:00:00,M,2,True,False,False,False,False,False,10,10,10
2013-02-09 00:00:00,M,0,False,False,False,False,False,False,1,1,1
2013-02-11 00:00:00,M,1,False,False,False,False,False,False,6,4,5
2013-02-11 08:00:00,M,1,False,False,True,False,False,False,10,10,10
2013-02-11 16:00:00,M,1,True,True,False,False,False,False,10,2,6
2013-02-12 00:00:00,M,0,False,False,False,False,False,False,0,0,0
2013-02-13 00:00:00,M,2,True,False,False,False,False,False,10,10,10
2013-02-15 00:00:00,M,0,True,False,False,False,False,False,8,3,5.5
2013-02-15 08:00:00,M,1,True,False,False,False,True,False,10,10,10
2013-02-15 16:00:00,M,1,True,True,False,False,False,False,10,4,7
2013-02-16 00:00:00,M,1,True,True,False,False,False,False,10,6,8
2013-02-16 12:00:00,M,5,True,False,False,False,False,False,10,10,10
2013-02-17 00:00:00,M,2,True,False,False,False,False,False,10,10,10
2013-02-17 08:00:00,M,1,True,False,False,False,False,False,10,10,10
2013-02-17 16:00:00,M,2,False,False,False,False,False,False,10,10,10
2013-02-18 00:00:00,M,1,False,False,False,False,False,False,4,6,5
2013-02-20 00:00:00,M,0,False,True,False,False,False,False,2,0,1
2013-02-21 00:00:00,M,0,True,True,False,False,False,False,9,0,4.5
2013-02-21 08:00:00,M,1,False,False,False,False,False,False,6,6,6
2013-02-21 16:00:00,M,0,True,False,False,False,False,False,8,2,5
2013-02-22 00:00:00,M,0,True,True,False,False,False,False,9,0,4.5
2013-02-22 12:00:00,M,2,False,True,False,False,False,False,10,5,7.5
2013-02-23 00:00:00,M,0,False,False,False,False,False,False,1,1,1
2013-02-24 00:00:00,M,1,True,False,False,False,False,False,10,10,10
2013-02-24 08:00:00,M,0,False,False,False,False,True,False,2,10,6
2013-02-24 16:00:00,M,0,False,True,False,False,False,False,4,0,2
2013-02-25 00:00:00,M,3,False,False,False,True,False,False,10,10,10
2013-02-25 08:00:00,M,0,True,False,False,False,True,False,8,10,9
2013-02-25 16:00:00,M,1,False,False,False,True,False,False,7,7,7
2013-02-26 00:00:00,M,2,True,True,False,False,False,False,10,9,9.5
2013-02-28 00:00:00,M,2,False,False,False,False,False,False,9,10,9.5
2013-02-28 12:00:00,M,0,False,False,False,False,False,False,0,1,0.5
2013-03-01 00:00:00,M,0,True,False,False,False,False,False,7,5,6
2013-03-03 00:00:00,M,0,True,False,False,False,False,False,8,4,6
2013-03-03 12:00:00,M,0,False,False,False,False,True,False,1,6,3.5
2013-03-04 00:00:00,M,3,False,False,False,False,False,False,10,10,10
2013-03-04 08:00:00,M,0,False,False,True,False,False,False,8,10,9
2013-03-04 16:00:00,M,1,False,False,False,False,False,False,4,5,4.5
2013-03-06 00:00:00,M,1,True,False,False,False,False,False,10,9,9.5
2013-03-06 12:00:00,M,1,True,False,False,False,False,False,10,8,9
2013-03-09 00:00:00,M,3,False,False,False,False,False,False,10,10,10
2013-03-10 00:00:00,M,1,True,True,False,False,False,False,10,4,7
2013-03-11 00:00:00,M,2,True,False,False,False,False,False,10,10,10
2013-03-11 06:00:00,M,0,False,False,False,False,True,False,5,7,6
2013-03-11 12:00:00,M,0,False,False,False,False,True,False,2,7,4.5
2013-03-11 18:00:00,M,2,True,False,False,True,False,False,10,10,10
2013-03-12 00:00:00,M,2,True,False,False,False,True,False,10,10,10
2013-03-13 00:00:00,M,4,False,False,False,False,True,False,10,10,10
2013-03-13 12:00:00,M,2,True,False,False,False,False,False,10,10,10
2013-03-14 00:00:00,M,1,False,False,False,False,False,False,6,3,4.5
2013-03-17 00:00:00,M,0,True,False,False,False,False,False,7,6,6.5
2013-03-18 00:00:00,M,0,False,False,False,False,False,False,0,1,0.5
2013-03-24 00:00:00,M,3,True,False,True,False,False,False,10,10,10
2013-03-25 00:00:00,M,2,False,False,False,False,False,False,10,9,9.5
2013-03-26 00:00:00,M,0,False,True,False,False,False,False,3,0,1.5
2013-03-26 12:00:00,M,1,True,False,False,False,False,False,10,10,10
2013-03-27 00:00:00,M,2,True,False,True,False,True,False,10,10,10
2013-03-28 00:00:00,M,1,True,False,False,False,False,False,10,8,9
2013-03-28 08:00:00,M,2,False,False,False,False,False,False,10,10,10
2013-03-28 16:00:00,M,0,True,True,True,False,False,False,10,10,10
2013-03-29 00:00:00,M,0,False,False,False,False,False,False,0,0,0
2013-03-30 00:00:00,M,3,False,True,False,False,False,False,10,10,10
2013-03-30 12:00:00,M,2,False,False,False,False,True,False,9,10,9.5
2013-03-31 00:00:00,M,0,True,False,False,False,True,False,6,10,8
2013-04-01 00:00:00,M,2,False,True,False,False,False,False,10,6,8
2013-04-01 12:00:00,M,1,False,True,False,False,False,False,9,0,4.5
2013-04-02 00:00:00,M,0,False,False,False,False,False,False,1,0,0.5
2013-04-03 00:00:00,M,1,False,False,False,False,False,False,5,5,5
2013-04-04 00:00:00,M,0,False,False,False,False,False,False,1,1,1
2013-04-05 00:00:00,M,1,False,False,False,False,True,False,8,10,9
2013-04-05 12:00:00,M,3,False,False,False,False,False,False,10,10,10
2013-04-06 00:00:00,M,0,True,False,False,False,False,False,8,4,6
2013-04-06 06:00:00,M,1,False,True,False,True,False,False,9,3,6
2013-04-06 12:00:00,M,1,False,True,False,False,False,False,7,0,3.5
2013-04-06 18:00:00,M,0,True,False,False,False,False,False,7,5,6
2013-04-07 00:00:00,M,0,True,False,False,False,False,False,6,2,4
2013-04-09 00:00:00,M,1,True,False,True,False,False,False,10,10,10
2013-04-09 12:00:00,M,1,True,True,False,False,False,False,10,5,7.5
2013-04-10 00:00:00,M,0,True,False,False,False,False,False,8,3,5.5
2013-04-11 00:00:00,M,0,True,True,False,False,True,False,10,5,7.5
2013-04-11 08:00:00,M,1,True,False,False,False,False,False,10,10,10
2013-04-11 16:00:00,M,2,False,False,False,False,False,False,10,10,10
2013-04-12 00:00:00,M,1,True,False,False,False,True,False,10,10,10
2013-04-12 12:00:00,M,2,False,False,False,False,False,False,10,10,10
2013-04-13 00:00:00,M,0,True,False,False,False,True,False,8,10,9
2013-04-15 00:00:00,M,1,False,False,False,False,False,False,5,6,5.5
2013-04-15 06:00:00,M,0,False,True,True,False,False,False,10,10,10
2013-04-15 12:00:00,M,1,False,False,False,False,False,False,4,6,5
2013-04-15 18:00:00,M,2,False,True,False,False,False,False,10,6,8
2013-04-16 00:00:00,M,1,True,True,False,False,False,False,10,4,7
2013-04-16 12:00:00,M,2,True,True,False,False,False,False,10,7,8.5
2013-04-17 00:00:00,M,3,True,False,False,False,False,False,10,10,10
2013-04-20 00:00:00,M,1,True,False,False,False,False,False,10,9,9.5
2013-04-21 00:00:00,M,0,False,False,False,False,False,False,1,0,0.5
2013-04-22 00:00:00,M,1,True,False,False,False,False,False,10,10,10
2013-04-23 00:00:00,M,2,False,False,False,False,False,False,10,10,10
2013-04-25 00:00:00,M,0,False,False,False,False,False,False,1,0,0.5
2013-04-26 00:00:00,M,2,False,False,False,False,False,False,10,10,10
2013-04-27 00:00:00,M,2,True,True,False,False,False,False,10,10,10
2013-04-27 12:00:00,M,3,False,False,False,False,False,False,10,10,10
2013-04-28 00:00:00,M,1,False,False,False,False,False,False,5,5,5
2013-04-28 12:00:00,M,1,True,False,False,False,True,False,10,10,10
2013-04-29 00:00:00,M,2,False,False,False,False,True,False,10,10,10
2013-04-29 12:00:00,M,0,True,False,False,False,False,False,6,6,6
2013-04-30 00:00:00,M,0,True,False,False,False,False,False,8,4,6
2013-05-04 00:00:00,M,0,False,False,False,False,False,False,2,2,2
2013-05-07 00:00:00,M,1,False,False,False,False,False,False,4,6,5
2013-05-08 00:00:00,M,0,False,False,False,False,False,False,1,1,1
2013-05-08 12:00:00,M,3,True,False,False,False,True,False,10,10,10
2013-05-10 00:00:00,M,2,True,False,False,True,True,False,10,10,10
2013-05-10 12:00:00,M,1,True,False,False,False,False,False,10,8,9
2013-05-12 00:00:00,M,0,True,False,False,True,False,False,9,7,8
2013-05-12 06:00:00,M,1,True,False,False,False,False,False,10,8,9
2013-05-12 12:00:00,M,1,True,False,False,False,False,False,10,10,10
2013-05-12 18:00:00,M,0,True,True,False,False,False,False,10,0,5
2013-05-15 00:00:00,M,1,True,False,False,False,False,False,10,10,10
2013-05-15 12:00:00,M,0,True,False,False,False,False,False,7,3,5
2013-05-18 00:00:00,M,2,True,False,False,False,False,False,10,10,10
2013-05-18 08:00:00,M,1,False,False,False,False,False,False,4,5,4.5
2013-05-18 16:00:00,M,3,False,False,False,False,False,False,10,10,10
2013-05-19 00:00:00,M,2,True,False,False,False,False,False,10,10,10
2013-05-19 06:00:00,M,3,True,False,False,False,False,False,10,10,10
2013-05-19 12:00:00,M,0,False,False,False,False,True,False,0,7,3.5
2013-05-19 18:00:00,M,1,True,False,False,False,False,False,10,8,9
2013-05-20 00:00:00,M,0,False,False,False,False,False,False,1,0,0.5
2013-05-21 00:00:00,M,0,False,False,False,False,False,False,0,0,0
2013-05-24 00:00:00,M,0,True,False,False,False,False,False,7,5,6
2013-05-25 00:00:00,M,1,False,False,False,False,True,False,4,10,7
2013-05-27 00:00:00,M,1,True,False,False,False,False,False,10,7,8.5
2013-06-01 00:00:00,M,2,True,False,True,False,False,False,10,10,10
2013-06-05 00:00:00,M,1,True,False,False,False,False,False,10,9,9.5
2013-06-05 12:00:00,M,3,False,False,False,False,False,False,10,10,10
2013-06-06 00:00:00,M,2,False,False,False,False,False,False,10,10,10
2013-06-10 00:00:00,M,2,False,True,False,False,False,False,10,5,7.5
2013-06-10 12:00:00,M,0,True,False,False,False,False,False,6,3,4.5
2013-06-12 00:00:00,M,0,False,False,False,False,False,False,1,1,1
2013-06-14 00:00:00,M,0,False,False,False,False,True,False,3,7,5
2013-06-14 12:00:00,M,1,True,False,False,False,False,False,10,9,9.5
2013-06-15 00:00:00,M,1,False,True,False,False,False,False,6,1,3.5
2013-06-15 06:00:00,M,2,False,True,False,False,False,False,10,5,7.5
2013-06-15 12:00:00,M,1,True,False,False,True,False,False,10,10,10
2013-06-15 18:00:00,M,0,False,False,False,False,True,False,2,7,4.5
2013-06-16 00:00:00,M,3,True,True,False,False,False,False,10,10,10
2013-06-19 00:00:00,M,0,True,False,False,False,False,False,8,5,6.5
2013-06-23 00:00:00,M,1,True,False,False,False,False,False,10,8,9
2013-06-24 00:00:00,M,3,True,False,False,False,False,False,10,10,10
2013-06-24 12:00:00,M,2,False,False,False,False,False,False,10,9,9.5
2013-06-27 00:00:00,M,0,True,True,False,False,False,False,9,0,4.5
2013-06-27 12:00:00,M,0,False,False,False,False,False,False,0,0,0
2013-06-28 00:00:00,M,2,False,False,True,False,False,False,10,10,10
2013-06-29 00:00:00,M,2,True,False,False,False,False,False,10,10,10
2013-06-29 08:00:00,M,1,False,False,False,False,False,False,5,5,5
2013-06-29 16:00:00,M,0,False,False,False,False,False,False,1,2,1.5
2013-06-30 00:00:00,M,1,False,False,False,False,False,False,5,6,5.5
2013-07-01 00:00:00,M,1,True,False,False,False,True,False,10,10,10
2013-07-03 00:00:00,M,0,True,True,False,False,False,False,10,0,5
2013-07-04 00:00:00,M,0,False,False,False,False,False,False,1,2,1.5
2013-07-04 04:48:00,M,1,True,False,False,False,False,False,10,8,9
2013-07-04 09:36:00,M,0,False,False,False,False,False,False,2,0,1
2013-07-04 14:24:00,M,1,True,True,False,False,False,False,10,5,7.5
2013-07-04 19:12:00,M,1,True,False,False,False,False,False,10,8,9
2013-07-05 00:00:00,M,0,False,False,False,False,False,False,0,0,0
2013-07-06 00:00:00,M,1,True,False,False,False,False,False,10,9,9.5
2013-07-06 12:00:00,M,1,False,False,False,False,False,False,5,5,5
2013-07-08 00:00:00,M,1,False,False,False,False,False,False,7,6,6.5
2013-07-09 00:00:00,M,0,True,False,False,False,False,False,5,4,4.5
2013-07-09 08:00:00,M,0,False,False,False,False,True,False,0,8,4
2013-07-09 16:00:00,M,0,True,False,False,False,False,False,6,6,6
2013-07-10 00:00:00,M,2,True,False,False,False,False,False,10,10,10
2013-07-10 12:00:00,M,0,True,False,False,False,False,False,6,4,5
2013-07-11 00:00:00,M,2,True,True,False,False,False,False,10,9,9.5
2013-07-12 00:00:00,M,2,True,False,False,False,False,False,10,10,10
2013-07-12 08:00:00,M,1,False,False,False,False,False,False,7,5,6
2013-07-12 16:00:00,M,1,False,False,True,False,False,False,10,10,10
2013-07-13 00:00:00,M,1,False,False,False,False,True,False,7,10,8.5
2013-07-13 08:00:00,M,0,True,True,True,False,False,False,10,10,10
2013-07-13 16:00:00,M,3,False,False,False,False,False,False,10,10,10
2013-07-14 00:00:00,M,2,False,False,False,True,False,False,10,10,10
2013-07-14 12:00:00,M,0,True,True,False,False,False,False,8,0,4
2013-07-17 00:00:00,M,0,True,False,False,False,False,False,7,5,6
2013-07-17 08:00:00,M,0,False,False,False,False,False,False,0,1,0.5
2013-07-17 16:00:00,M,1,True,False,False,False,False,False,10,10,10
2013-07-18 00:00:00,M,1,False,False,False,False,False,False,5,5,5
2013-07-18 12:00:00,M,1,False,False,False,False,False,False,5,6,5.5
2013-07-19 00:00:00,M,0,False,False,True,False,False,False,8,10,9
2013-07-20 00:00:00,M,1,False,False,False,False,False,False,7,4,5.5
2013-07-20 06:00:00,M,1,False,False,True,False,True,False,10,10,10
2013-07-20 12:00:00,M,1,False,False,True,False,False,False,10,10,10
2013-07-20 18:00:00,M,0,True,False,False,False,False,False,6,3,4.5
2013-07-22 00:00:00,M,0,True,False,False,False,False,False,8,4,6
2013-07-22 08:00:00,M,1,False,True,False,False,False,False,9,1,5
2013-07-22 16:00:00,M,1,False,False,False,False,False,False,6,5,5.5
2013-07-23 00:00:00,M,1,False,False,False,False,False,False,6,6,6
2013-07-23 08:00:00,M,1,True,False,False,False,False,False,10,10,10
2013-07-23 16:00:00,M,0,True,False,False,False,False,False,7,4,5.5
2013-07-26 00:00:00,M,4,True,False,False,False,False,False,10,10,10
2013-07-26 12:00:00,M,4,True,False,False,False,False,False,10,10,10
2013-07-27 00:00:00,M,1,True,False,False,False,False,False,10,7,8.5
2013-07-28 00:00:00,M,0,True,True,False,False,False,False,8,0,4
2013-07-28 06:00:00,M,1,True,False,False,False,False,False,10,8,9
2013-07-28 12:00:00,M,0,True,False,False,False,False,False,8,4,6
2013-07-28 18:00:00,M,0,False,False,True,False,True,False,10,10,10
2013-07-29 00:00:00,M,0,True,False,False,False,False,False,6,5,5.5
2013-07-30 00:00:00,M,1,False,False,True,False,False,False,10,10,10
2013-07-31 00:00:00,M,3,False,False,False,False,False,False,10,10,10
2013-08-02 00:00:00,M,2,False,True,False,False,False,False,10,4,7
2013-08-03 00:00:00,M,0,True,False,False,False,True,False,9,10,9.5
2013-08-06 00:00:00,M,4,False,False,False,False,False,False,10,10,10
2013-08-06 12:00:00,M,0,False,False,False,False,False,False,0,1,0.5
2013-08-08 00:00:00,M,0,True,True,False,False,True,False,10,6,8
2013-08-08 12:00:00,M,0,False,False,False,False,False,False,1,1,1
2013-08-09 00:00:00,M,0,False,False,False,False,False,False,0,1,0.5
2013-08-09 04:48:00,M,0,True,False,False,False,False,False,8,3,5.5
2013-08-09 09:36:00,M,1,True,False,False,False,False,False,10,10,10
2013-08-09 14:24:00,M,0,False,False,False,False,False,False,0,0,0
2013-08-09 19:12:00,M,0,False,False,False,False,True,False,0,8,4
2013-08-11 00:00:00,M,1,False,False,False,True,False,False,8,8,8
2013-08-11 12:00:00,M,1,False,False,False,False,False,False,5,6,5.5
2013-08-12 00:00:00,M,0,False,False,False,False,False,False,0,0,0
2013-08-12 08:00:00,M,2,True,False,True,False,False,False,10,10,10
2013-08-12 16:00:00,M,2,False,False,False,False,False,False,10,10,10
2013-08-13 00:00:00,M,3,True,True,False,False,True,False,10,10,10
2013-08-13 12:00:00,M,0,False,False,False,False,False,False,1,1,1
2013-08-14 00:00:00,M,1,False,False,False,False,False,False,5,4,4.5
2013-08-14 06:00:00,M,0,False,False,False,False,False,False,1,0,0.5
2013-08-14 12:00:00,M,1,False,False,False,False,False,False,5,5,5
2013-08-14 18:00:00,M,0,False,False,False,False,True,False,2,7,4.5
2013-08-16 00:00:00,M,0,True,False,False,False,False,False,7,3,5
2013-08-18 00:00:00,M,1,True,False,False,False,False,False,10,8,9
2013-08-18 08:00:00,M,2,False,False,False,False,False,False,10,10,10
2013-08-18 16:00:00,M,0,False,False,False,False,False,False,1,0,0.5
2013-08-20 00:00:00,M,1,False,False,False,False,False,False,5,5,5
2013-08-21 00:00:00,M,1,False,False,False,False,False,False,5,5,5
2013-08-21 08:00:00,M,2,True,False,False,False,False,False,10,10,10
2013-08-21 16:00:00,M,3,True,True,False,False,False,False,10,10,10
2013-08-23 00:00:00,M,1,True,True,False,False,False,False,10,5,7.5
2013-08-24 00:00:00,M,4,True,True,False,False,False,False,10,10,10
2013-08-24 12:00:00,M,1,True,False,False,False,False,False,10,10,10
2013-08-25 00:00:00,M,1,False,False,True,False,True,False,10,10,10
2013-08-26 00:00:00,M,1,False,False,False,False,False,False,4,8,6
2013-08-28 00:00:00,M,2,False,False,True,False,False,False,10,10,10
2013-08-29 00:00:00,M,1,False,False,False,False,False,False,5,5,5
2013-08-29 12:00:00,M,0,False,False,False,False,False,False,2,0,1
2013-08-30 00:00:00,M,0,True,False,False,True,False,False,9,7,8
2013-08-30 04:48:00,M,2,False,False,False,False,True,False,10,10,10
2013-08-30 09:36:00,M,0,False,False,False,False,False,False,1,0,0.5
2013-08-30 14:24:00,M,1,False,True,False,False,False,False,7,1,4
2013-08-30 19:12:00,M,1,True,False,False,False,True,False,10,10,10
2013-08-31 00:00:00,M,1,False,False,False,False,False,False,2,6,4
2013-08-31 12:00:00,M,2,False,False,False,False,False,False,10,9,9.5
2013-09-01 00:00:00,M,1,False,True,False,False,False,False,7,0,3.5
2013-09-01 08:00:00,M,0,True,False,False,False,False,False,7,3,5
2013-09-01 16:00:00,M,1,True,False,False,False,False,False,10,9,9.5
2013-09-02 00:00:00,M,1,True,False,False,False,False,False,10,10,10
2013-09-04 00:00:00,M,0,True,False,False,False,False,False,8,4,6
2013-09-04 08:00:00,M,1,True,True,False,False,False,False,10,3,6.5
2013-09-04 16:00:00,M,0,False,False,False,False,False,False,0,0,0
2013-09-05 00:00:00,M,1,True,False,False,False,False,False,10,9,9.5
2013-09-06 00:00:00,M,1,False,False,False,False,False,False,6,6,6
2013-09-06 08:00:00,M,1,False,False,False,False,False,False,6,6,6
2013-09-06 16:00:00,M,1,False,False,False,False,False,False,3,6,4.5
2013-09-08 00:00:00,M,0,False,True,False,False,False,False,5,0,2.5
2013-09-08 12:00:00,M,0,True,False,False,False,True,False,8,10,9
2013-09-09 00:00:00,M,1,True,False,False,False,False,False,10,10,10
2013-09-10 00:00:00,M,1,False,False,False,False,True,False,6,10,8
2013-09-11 00:00:00,M,0,True,False,False,False,False,False,7,4,5.5
2013-09-13 00:00:00,M,0,True,False,False,False,False,False,7,5,6
2013-09-13 12:00:00,M,0,True,False,False,False,False,False,7,3,5
2013-09-14 00:00:00,M,0,True,True,False,False,False,False,8,0,4
2013-09-15 00:00:00,M,2,False,False,False,False,False,False,10,10,10
2013-09-15 12:00:00,M,0,False,False,False,False,False,False,0,0,0
2013-09-17 00:00:00,M,1,True,False,False,False,False,False,10,8,9
2013-09-17 04:48:00,M,1,False,False,False,False,False,False,6,4,5
2013-09-17 09:36:00,M,1,False,False,False,False,False,False,6,7,6.5
2013-09-17 14:24:00,M,0,True,False,False,False,False,False,6,4,5
2013-09-17 19:12:00,M,4,True,False,True,True,True,False,10,10,10
2013-09-18 00:00:00,M,2,False,False,False,False,False,False,10,10,10
2013-09-19 00:00:00,M,0,True,True,False,True,False,False,9,1,5
2013-09-19 08:00:00,M,2,True,False,False,False,False,False,10,10,10
2013-09-19 16:00:00,M,0,False,True,False,False,False,False,3,0,1.5
2013-09-20 00:00:00,M,0,True,False,False,False,False,False,7,5,6
2013-09-20 08:00:00,M,1,False,False,False,False,True,False,5,10,7.5
2013-09-20 16:00:00,M,0,False,False,False,False,False,False,2,2,2
2013-09-22 00:00:00,M,0,True,False,False,False,False,False,7,2,4.5
2013-09-24 00:00:00,M,2,True,False,False,False,False,False,10,10,10
2013-09-25 00:00:00,M,2,True,True,False,False,True,False,10,10,10
2013-09-25 12:00:00,M,1,True,False,False,False,False,False,10,9,9.5
2013-09-26 00:00:00,M,0,False,False,False,False,True,False,2,7,4.5
2013-09-27 00:00:00,M,0,True,False,False,False,False,False,9,4,6.5
2013-09-28 00:00:00,M,1,False,False,False,False,False,False,6,4,5
2013-09-28 12:00:00,M,3,False,False,False,False,False,False,10,10,10
2013-09-29 00:00:00,M,1,False,False,False,False,False,False,5,6,5.5
2013-09-29 08:00:00,M,1,True,False,False,False,True,False,10,10,10
2013-09-29 16:00:00,M,3,True,False,False,False,False,False,10,10,10
2013-10-01 00:00:00,M,1,True,False,False,False,True,False,10,10,10
2013-10-01 08:00:00,M,2,True,False,False,False,False,False,10,10,10
2013-10-01 16:00:00,M,2,True,False,False,False,False,False,10,10,10
2013-10-02 00:00:00,M,0,False,False,False,False,False,False,0,2,1
2013-10-02 12:00:00,M,0,False,False,True,False,False,False,9,10,9.5
2013-10-03 00:00:00,M,3,True,False,False,False,False,False,10,10,10
2013-10-04 00:00:00,M,0,True,False,False,False,False,False,7,3,5
2013-10-06 00:00:00,M,1,False,False,False,False,False,False,6,5,5.5
2013-10-06 08:00:00,M,0,False,False,False,False,False,False,1,0,0.5
2013-10-06 16:00:00,M,1,True,False,False,True,False,False,10,10,10
2013-10-07 00:00:00,M,0,True,False,False,False,False,False,7,5,6
2013-10-08 00:00:00,M,2,True,False,False,False,False,False,10,10,10
2013-10-10 00:00:00,M,1,False,False,False,False,False,False,5,4,4.5
2013-10-10 12:00:00,M,3,False,False,False,True,False,False,10,10,10
2013-10-11 00:00:00,M,2,False,False,False,True,False,False,10,10,10
2013-10-12 00:00:00,M,0,True,False,False,False,False,False,6,5,5.5
2013-10-12 12:00:00,M,1,False,True,False,False,False,False,7,0,3.5
2013-10-13 00:00:00,M,1,False,False,False,False,False,False,4,6,5
2013-10-15 00:00:00,M,0,True,False,False,True,False,False,10,4,7
2013-10-15 08:00:00,M,1,False,False,False,True,False,False,6,8,7
2013-10-15 16:00:00,M,1,False,False,False,False,False,False,6,6,6
2013-10-17 00:00:00,M,0,True,False,False,False,True,False,6,10,8
2013-10-21 00:00:00,M,1,False,False,False,True,False,False,7,10,8.5
2013-10-22 00:00:00,M,0,True,False,False,False,True,False,7,10,8.5
2013-10-22 12:00:00,M,2,False,False,False,False,False,False,10,10,10
2013-10-23 00:00:00,M,0,True,False,False,False,False,False,6,3,4.5
2013-10-24 00:00:00,M,1,False,False,False,False,False,False,7,6,6.5
2013-10-24 12:00:00,M,0,False,False,False,False,False,False,1,1,1
2013-10-25 00:00:00,M,0,True,False,False,False,False,False,7,3,5
2013-10-25 12:00:00,M,1,True,False,False,False,False,False,10,10,10
2013-10-26 00:00:00,M,0,True,False,False,False,False,False,9,5,7
2013-10-26 12:00:00,M,2,True,False,False,False,False,False,10,10,10
2013-10-27 00:00:00,M,2,True,False,False,False,False,False,10,10,10
2013-10-27 12:00:00,M,0,True,False,False,False,False,False,6,2,4
2013-10-29 00:00:00,M,1,False,False,False,False,False,False,5,7,6
2013-10-29 12:00:00,M,0,False,False,False,False,False,False,1,0,0.5
2013-10-30 00:00:00,M,0,True,True,False,False,False,False,10,0,5
2013-10-31 00:00:00,M,1,False,False,False,False,False,False,6,6,6
2013-10-31 12:00:00,M,2,False,True,False,False,False,False,10,6,8
2013-11-01 00:00:00,M,2,True,False,False,False,False,False,10,10,10
2013-11-01 12:00:00,M,3,True,True,False,False,False,False,10,10,10
2013-11-02 00:00:00,M,0,True,False,False,True,False,False,9,7,8
2013-11-03 00:00:00,M,1,True,False,False,False,False,False,10,7,8.5
2013-11-03 08:00:00,M,0,False,False,False,False,False,False,2,1,1.5
2013-11-03 16:00:00,M,2,False,False,False,False,False,False,10,10,10
2013-11-05 00:00:00,M,1,False,False,False,False,False,False,6,5,5.5
2013-11-05 12:00:00,M,1,True,False,False,True,False,False,10,10,10
2013-11-06 00:00:00,M,2,True,False,True,False,False,False,10,10,10
2013-11-06 08:00:00,M,2,False,True,False,False,False,False,10,5,7.5
2013-11-06 16:00:00,M,2,True,False,False,False,False,False,10,10,10
2013-11-07 00:00:00,M,3,True,True,True,False,False,False,10,10,10
2013-11-07 08:00:00,M,2,True,False,False,False,False,False,10,10,10
2013-11-07 16:00:00,M,3,False,False,False,False,False,False,10,10,10
2013-11-08 00:00:00,M,0,False,True,False,False,False,False,2,0,1
2013-11-08 12:00:00,M,0,False,False,False,False,False,False,2,2,2
2013-11-09 00:00:00,M,0,False,False,True,False,True,False,10,10,10
2013-11-10 00:00:00,M,3,True,False,False,False,False,False,10,10,10
2013-11-11 00:00:00,M,0,False,False,False,False,False,False,1,0,0.5
2013-11-11 08:00:00,M,0,False,True,False,False,True,False,3,3,3
2013-11-11 16:00:00,M,2,True,False,False,False,False,False,10,10,10
2013-11-12 00:00:00,M,2,False,False,False,False,True,False,10,10,10
2013-11-13 00:00:00,M,0,True,True,False,False,False,False,10,0,5
2013-11-14 00:00:00,M,0,True,False,False,False,False,False,8,3,5.5
2013-11-16 00:00:00,M,1,False,False,False,False,False,False,4,4,4
2013-11-16 12:00:00,M,1,True,False,False,False,True,False,10,10,10
2013-11-18 00:00:00,M,1,True,True,False,False,False,False,10,3,6.5
2013-11-19 00:00:00,M,1,False,False,False,False,False,False,5,6,5.5
2013-11-19 08:00:00,M,4,True,False,False,False,False,False,10,10,10
2013-11-19 16:00:00,M,2,True,True,False,False,False,False,10,9,9.5
2013-11-20 00:00:00,M,0,True,False,False,False,False,False,8,5,6.5
2013-11-20 08:00:00,M,0,True,True,False,False,False,False,9,0,4.5
2013-11-20 16:00:00,M,0,False,False,False,False,False,False,0,0,0
2013-11-21 00:00:00,M,0,True,True,False,False,False,False,10,1,5.5
2013-11-22 00:00:00,M,3,True,False,False,False,False,False,10,10,10
2013-11-23 00:00:00,M,0,False,False,False,False,False,False,2,0,1
2013-11-26 00:00:00,M,1,True,False,False,False,False,False,10,10,10
2013-11-27 00:00:00,M,2,True,False,False,False,False,False,10,10,10
2013-11-27 12:00:00,M,0,True,True,False,False,False,False,10,0,5
2013-11-28 00:00:00,M,0,True,False,False,False,False,False,7,4,5.5
2013-11-28 12:00:00,M,1,True,False,False,False,False,False,10,10,10
2013-11-29 00:00:00,M,1,False,False,False,False,False,False,4,6,5
2013-11-29 06:00:00,M,2,False,False,False,False,False,False,10,9,9.5
2013-11-29 12:00:00,M,2,False,False,False,False,False,False,10,10,10
2013-11-29 18:00:00,M,1,True,True,False,False,False,False,10,5,7.5
2013-11-30 00:00:00,M,0,True,False,False,False,False,False,6,5,5.5
2013-12-01 00:00:00,M,0,True,True,False,False,False,False,9,0,4.5
2013-12-01 08:00:00,M,1,False,False,False,False,False,False,5,5,5
2013-12-01 16:00:00,M,0,True,False,False,False,False,False,6,4,5
2013-12-02 00:00:00,M,0,True,False,False,False,False,False,7,4,5.5
2013-12-02 08:00:00,M,0,False,False,False,False,False,False,2,1,1.5
2013-12-02 16:00:00,M,0,False,False,False,False,False,False,0,1,0.5
2013-12-03 00:00:00,M,0,False,False,False,False,False,False,0,0,0
2013-12-03 06:00:00,M,0,True,True,False,False,False,False,10,0,5
2013-12-03 12:00:00,M,2,True,False,False,False,False,False,10,10,10
2013-12-03 18:00:00,M,1,False,True,False,False,False,False,9,0,4.5
2013-12-04 00:00:00,M,0,True,False,False,False,False,False,7,2,4.5
2013-12-04 12:00:00,M,1,True,True,False,False,False,False,10,4,7
2013-12-05 00:00:00,M,2,True,False,False,False,False,False,10,10,10
2013-12-05 08:00:00,M,0,True,False,False,False,False,False,8,4,6
2013-12-05 16:00:00,M,1,False,False,True,False,False,False,10,10,10
2013-12-06 00:00:00,M,0,True,False,False,False,False,False,8,5,6.5
2013-12-06 06:00:00,M,3,False,True,False,False,False,False,10,10,10
2013-12-06 12:00:00,M,1,False,False,False,False,False,False,6,8,7
2013-12-06 18:00:00,M,1,False,False,False,False,False,False,7,6,6.5
2013-12-07 00:00:00,M,1,True,False,False,False,False,False,10,9,9.5
2013-12-08 00:00:00,M,0,False,False,False,False,False,False,0,0,0
2013-12-08 06:00:00,M,0,False,False,False,False,False,False,0,0,0
2013-12-08 12:00:00,M,0,True,False,False,False,False,False,5,4,4.5
2013-12-08 18:00:00,M,1,False,False,False,True,False,False,6,6,6
2013-12-09 00:00:00,M,1,True,False,False,False,False,False,10,10,10
2013-12-09 12:00:00,M,0,True,False,False,True,False,False,8,4,6
2013-12-10 00:00:00,M,0,False,False,False,False,True,False,1,8,4.5
2013-12-10 12:00:00,M,1,False,False,False,False,True,False,7,10,8.5
2013-12-11 00:00:00,M,0,False,False,False,False,True,False,3,6,4.5
2013-12-11 04:48:00,M,1,False,False,False,False,False,False,5,4,4.5
2013-12-11 09:36:00,M,1,True,False,True,False,False,False,10,10,10
2013-12-11 14:24:00,M,1,False,False,False,True,False,False,5,6,5.5
2013-12-11 19:12:00,M,0,False,False,False,False,False,False,1,1,1
2013-12-13 00:00:00,M,0,True,True,False,False,False,False,9,0,4.5
2013-12-14 00:00:00,M,5,True,False,True,False,False,False,10,10,10
2013-12-16 00:00:00,M,1,False,False,False,False,False,False,5,5,5
2013-12-17 00:00:00,M,0,False,True,False,False,False,False,2,0,1
2013-12-18 00:00:00,M,0,False,False,False,False,False,False,0,0,0
2013-12-18 12:00:00,M,0,True,True,True,False,False,False,10,10,10
2013-12-19 00:00:00,M,2,True,True,False,False,False,False,10,10,10
2013-12-19 08:00:00,M,0,True,True,False,False,True,False,10,6,8
2013-12-19 16:00:00,M,0,False,False,False,True,False,False,3,3,3
2013-12-20 00:00:00,M,1,True,True,False,False,False,False,10,4,7
2013-12-20 08:00:00,M,0,True,False,False,False,False,False,9,5,7
2013-12-20 16:00:00,M,0,True,False,False,False,False,False,8,4,6
2013-12-21 00:00:00,M,3,True,False,False,False,False,False,10,10,10
2013-12-21 12:00:00,M,2,True,True,False,False,False,False,10,7,8.5
2013-12-23 00:00:00,M,2,True,False,False,False,False,False,10,10,10
2013-12-23 12:00:00,M,0,True,True,False,False,False,False,10,0,5
2013-12-24 00:00:00,M,1,True,False,False,False,True,False,10,10,10
2013-12-24 12:00:00,M,1,False,False,False,False,False,False,2,5,3.5
2013-12-25 00:00:00,M,0,False,False,False,True,False,False,3,3,3
2013-12-26 00:00:00,M,1,False,False,False,False,False,False,6,6,6
2013-12-27 00:00:00,M,3,True,False,False,False,True,False,10,10,10
2013-12-28 00:00:00,M,0,False,False,False,False,False,False,0,0,0
2013-12-29 00:00:00,M,1,True,False,True,False,False,False,10,10,10
2013-12-29 12:00:00,M,0,True,False,False,False,False,False,7,4,5.5
2013-12-31 00:00:00,M,1,True,False,False,True,False,False,10,10,10
2013-12-31 12:00:00,M,1,False,False,False,False,False,False,6,5,5.5
2014-01-01 00:00:00,M,1,False,False,False,False,False,False,5,6,5.5
2014-01-02 00:00:00,M,1,True,False,False,False,False,False,10,8,9
2014-01-02 08:00:00,M,2,True,False,False,False,False,False,10,10,10
2014-01-02 16:00:00,M,2,True,False,False,False,False,False,10,10,10
2014-01-03 00:00:00,M,1,False,False,False,False,False,False,7,4,5.5
2014-01-08 00:00:00,M,1,True,True,False,False,False,False,10,3,6.5
2014-01-08 08:00:00,M,1,False,False,False,False,True,False,7,10,8.5
2014-01-08 16:00:00,M,1,False,True,False,False,False,False,8,1,4.5
2014-01-09 00:00:00,M,0,False,False,False,True,False,False,2,3,2.5
2014-01-11 00:00:00,M,3,False,False,False,False,False,False,10,10,10
2014-01-14 00:00:00,M,1,False,False,False,False,False,False,5,5,5
2014-01-14 08:00:00,M,1,False,False,False,False,True,False,7,10,8.5
2014-01-14 16:00:00,M,1,True,False,False,False,False,False,10,8,9
2014-01-17 00:00:00,M,1,True,True,False,False,True,False,10,10,10
2014-01-17 06:00:00,M,1,False,True,False,False,False,False,6,2,4
2014-01-17 12:00:00,M,0,True,True,False,False,False,False,7,0,3.5
2014-01-17 18:00:00,M,0,True,False,False,False,False,False,7,2,4.5
2014-01-18 00:00:00,M,1,True,False,True,True,False,False,10,10,10
2014-01-18 12:00:00,M,0,False,False,False,False,False,False,1,0,0.5
2014-01-19 00:00:00,M,0,True,False,False,False,False,False,7,5,6
2014-01-21 00:00:00,M,2,True,False,False,False,False,False,10,10,10
2014-01-21 12:00:00,M,0,False,False,False,False,False,False,1,0,0.5
2014-01-22 00:00:00,M,2,True,False,False,False,False,False,10,10,10
2014-01-22 04:48:00,M,2,True,False,False,False,False,False,10,10,10
2014-01-22 09:36:00,M,3,False,False,True,False,True,False,10,10,10
2014-01-22 14:24:00,M,0,True,False,False,False,False,False,9,5,7
2014-01-22 19:12:00,M,1,True,False,False,False,False,False,10,7,8.5
2014-01-23 00:00:00,M,1,True,True,False,False,False,False,10,3,6.5
2014-01-24 00:00:00,M,0,True,False,False,False,False,False,7,4,5.5
2014-01-24 08:00:00,M,1,False,True,False,False,False,False,7,1,4
2014-01-24 16:00:00,M,1,False,False,False,True,False,False,7,7,7
2014-01-25 00:00:00,M,3,False,False,False,False,False,False,10,10,10
2014-01-26 00:00:00,M,1,False,False,False,False,False,False,6,5,5.5
2014-01-26 12:00:00,M,1,True,False,False,False,False,False,10,9,9.5
2014-01-28 00:00:00,M,1,False,False,False,False,False,False,4,5,4.5
2014-01-28 08:00:00,M,1,False,False,False,False,False,False,7,5,6
2014-01-28 16:00:00,M,0,False,True,False,False,False,False,2,0,1
2014-01-29 00:00:00,M,2,True,False,True,False,False,False,10,10,10
2014-01-29 08:00:00,M,1,False,False,False,False,False,False,5,8,6.5
2014-01-29 16:00:00,M,0,True,False,False,False,True,False,9,10,9.5
2014-01-30 00:00:00,M,0,False,False,False,True,True,False,3,10,6.5
2014-01-30 08:00:00,M,1,False,True,False,True,False,False,10,4,7
2014-01-30 16:00:00,M,1,False,True,False,False,False,False,8,1,4.5
2014-01-31 00:00:00,M,1,True,False,False,True,False,False,10,10,10
2014-02-01 00:00:00,M,1,True,False,False,False,False,False,10,7,8.5
2014-02-02 00:00:00,M,0,True,False,False,False,False,False,6,2,4
2014-02-04 00:00:00,M,3,True,False,False,False,False,False,10,10,10
2014-02-04 12:00:00,M,0,True,False,False,False,False,False,9,4,6.5
2014-02-05 00:00:00,M,0,False,False,False,False,False,False,1,0,0.5
2014-02-06 00:00:00,M,0,True,False,False,False,False,False,7,4,5.5
2014-02-07 00:00:00,M,0,True,True,False,False,True,False,10,6,8
2014-02-07 06:00:00,M,2,False,False,False,False,True,False,10,10,10
2014-02-07 12:00:00,M,1,False,False,False,True,False,False,6,8,7
2014-02-07 18:00:00,M,1,False,False,False,False,False,False,7,5,6
2014-02-08 00:00:00,M,0,False,True,False,False,False,False,3,0,1.5
2014-02-08 08:00:00,M,2,False,False,False,False,False,False,9,10,9.5
2014-02-08 16:00:00,M,1,True,False,False,False,False,False,10,9,9.5
2014-02-09 00:00:00,M,1,False,False,False,False,False,False,6,4,5
2014-02-09 12:00:00,M,0,True,False,False,False,False,False,7,5,6
2014-02-11 00:00:00,M,2,False,False,False,False,False,False,10,9,9.5
2014-02-11 08:00:00,M,0,True,False,False,False,False,False,6,5,5.5
2014-02-11 16:00:00,M,1,False,True,False,False,False,False,9,1,5
2014-02-12 00:00:00,M,3,False,False,False,False,False,False,10,10,10
2014-02-12 06:00:00,M,0,False,True,False,False,False,False,3,0,1.5
2014-02-12 12:00:00,M,0,False,True,False,False,False,False,3,0,1.5
2014-02-12 18:00:00,M,0,False,False,False,False,True,False,1,6,3.5
2014-02-13 00:00:00,M,0,False,True,False,False,True,False,4,3,3.5
2014-02-13 12:00:00,M,1,True,False,False,False,True,False,10,10,10
2014-02-14 00:00:00,M,0,False,False,True,False,False,False,8,10,9
2014-02-16 00:00:00,M,0,False,True,False,False,False,False,2,0,1
2014-02-16 06:00:00,M,1,False,False,False,False,False,False,3,5,4
2014-02-16 12:00:00,M,0,False,True,False,False,False,False,4,0,2
2014-02-16 18:00:00,M,2,True,False,False,False,False,False,10,10,10
2014-02-17 00:00:00,M,4,False,True,False,False,False,False,10,10,10
2014-02-18 00:00:00,M,3,False,False,False,False,False,False,10,10,10
2014-02-18 08:00:00,M,0,True,False,False,False,False,False,7,5,6
2014-02-18 16:00:00,M,1,False,False,False,False,True,False,6,10,8
2014-02-19 00:00:00,M,0,True,False,False,False,True,False,7,10,8.5
2014-02-19 08:00:00,M,0,False,False,False,False,False,False,0,0,0
2014-02-19 16:00:00,M,0,True,False,False,False,False,False,8,4,6
2014-02-22 00:00:00,M,1,False,False,False,False,False,False,4,5,4.5
2014-02-23 00:00:00,M,0,False,False,False,False,False,False,0,1,0.5
2014-02-24 00:00:00,M,0,False,False,False,False,False,False,2,2,2
2014-02-25 00:00:00,M,0,False,False,False,False,False,False,0,0,0
2014-02-25 06:00:00,M,1,False,False,False,True,False,False,8,8,8
2014-02-25 12:00:00,M,2,False,True,False,False,False,False,10,7,8.5
2014-02-25 18:00:00,M,2,True,False,False,False,False,False,10,10,10
2014-02-26 00:00:00,M,2,False,False,False,False,False,False,10,10,10
2014-02-27 00:00:00,M,1,True,False,False,False,False,False,10,9,9.5
2014-02-27 08:00:00,M,1,False,True,False,False,False,False,7,1,4
2014-02-27 16:00:00,M,0,True,True,False,False,False,False,10,0,5
2014-02-28 00:00:00,M,0,True,False,True,True,False,False,10,10,10
2014-03-01 00:00:00,M,0,False,False,False,False,False,False,0,1,0.5
2014-03-01 12:00:00,M,0,False,False,False,False,False,False,1,1,1
2014-03-02 00:00:00,M,0,True,True,False,False,True,False,10,6,8
2014-03-03 00:00:00,M,2,True,False,False,False,False,False,10,10,10
2014-03-05 00:00:00,M,0,True,True,False,False,False,False,8,0,4
2014-03-06 00:00:00,M,0,True,False,False,False,False,False,7,5,6
2014-03-06 12:00:00,M,0,False,True,False,False,False,False,3,0,1.5
2014-03-07 00:00:00,M,0,True,True,True,False,False,False,10,10,10
2014-03-07 06:00:00,M,1,True,False,False,False,False,False,10,10,10
2014-03-07 12:00:00,M,1,True,False,False,False,True,False,10,10,10
2014-03-07 18:00:00,M,0,False,False,False,False,False,False,0,0,0
2014-03-09 00:00:00,M,0,False,False,False,False,True,False,2,8,5
2014-03-10 00:00:00,M,1,False,True,False,False,False,False,8,1,4.5
2014-03-10 08:00:00,M,0,True,False,False,False,False,False,7,4,5.5
2014-03-10 16:00:00,M,0,False,False,False,False,False,False,0,1,0.5
2014-03-12 00:00:00,M,2,True,False,False,False,False,False,10,10,10
2014-03-12 12:00:00,M,2,True,False,True,False,True,False,10,10,10
2014-03-13 00:00:00,M,1,True,False,True,False,False,False,10,10,10
2014-03-14 00:00:00,M,3,True,True,False,False,False,False,10,10,10
2014-03-14 12:00:00,M,1,True,False,False,False,False,False,10,9,9.5
2014-03-15 00:00:00,M,1,False,True,False,False,True,False,10,7,8.5
2014-03-16 00:00:00,M,1,True,False,False,False,False,False,10,9,9.5
2014-03-16 06:00:00,M,1,False,False,False,False,False,False,6,5,5.5
2014-03-16 12:00:00,M,1,False,True,False,False,False,False,7,0,3.5
2014-03-16 18:00:00,M,1,False,False,False,False,False,False,6,7,6.5
2014-03-17 00:00:00,M,1,False,False,False,False,False,False,7,5,6
2014-03-17 12:00:00,M,1,True,False,False,False,False,False,10,9,9.5
2014-03-18 00:00:00,M,2,False,False,False,False,False,False,9,10,9.5
2014-03-18 12:00:00,M,2,True,False,False,False,False,False,10,10,10
2014-03-19 00:00:00,M,0,False,False,False,False,False,False,2,2,2
2014-03-19 12:00:00,M,0,False,False,False,False,True,False,0,6,3
2014-03-20 00:00:00,M,0,False,False,False,False,False,False,1,1,1
2014-03-20 12:00:00,M,2,True,False,False,True,False,False,10,10,10
2014-03-21 00:00:00,M,0,False,False,False,False,False,False,1,0,0.5
2014-03-22 00:00:00,M,2,True,False,False,False,False,False,10,10,10
2014-03-22 12:00:00,M,0,True,True,False,False,False,False,8,0,4
2014-03-23 00:00:00,M,2,False,True,False,False,False,False,10,6,8
2014-03-23 12:00:00,M,0,True,False,False,False,False,False,8,4,6
2014-03-24 00:00:00,M,0,False,False,False,False,False,False,1,0,0.5
2014-03-25 00:00:00,M,0,True,False,False,False,False,False,7,6,6.5
2014-03-25 08:00:00,M,0,True,True,False,False,False,False,10,0,5
2014-03-25 16:00:00,M,0,True,False,False,False,False,False,7,4,5.5
2014-03-26 00:00:00,M,1,True,False,False,False,False,False,10,9,9.5
2014-03-27 00:00:00,M,1,False,False,False,False,False,False,5,4,4.5
2014-03-28 00:00:00,M,2,True,False,False,False,False,False,10,10,10
2014-03-28 12:00:00,M,2,False,False,False,False,False,False,10,10,10
2014-03-29 00:00:00,M,0,True,False,False,False,False,False,8,4,6
2014-03-29 12:00:00,M,3,True,False,False,False,False,False,10,10,10
2014-03-30 00:00:00,M,1,True,False,False,False,False,False,10,9,9.5
2014-03-30 08:00:00,M,1,True,False,False,False,False,False,10,9,9.5
2014-03-30 16:00:00,M,0,False,False,False,False,False,False,1,2,1.5
2014-03-31 00:00:00,M,0,True,False,False,False,False,False,6,4,5
2014-03-31 12:00:00,M,3,True,False,False,False,False,False,10,10,10
2014-04-01 00:00:00,M,3,True,False,False,False,False,False,10,10,10
2014-04-01 12:00:00,M,3,True,False,False,False,False,False,10,10,10
